ExamID,Display Name,Version,Year,School,Filename,Q_ID,Order,Chapter,Difficulty,Question Type,Status,Problem Image,Answer Image,Solution Image,Notes,Extracted Text
exam-1764850236584,114竹北高中,1,114,竹北高中,114竹北高中-物理-試題.pdf,q-1764850236634-0,1,Mechanics,Medium,0,Verified,images/114_竹北高中_114竹北高中_物理_試題_q1_problem.webp,images/114_竹北高中_114竹北高中_物理_試題_q1_answer.webp,,,"地球半徑為 R, 地表重力加速度為 g, 如圖所示任意挖一通道, 所有阻力及地球自轉皆不計, 則一石子 m 自洞口由靜止釋放, 則最大速率為何?"
exam-1764850236584,114竹北高中,1,114,竹北高中,114竹北高中-物理-試題.pdf,q-1764850236634-1,2,Mechanics,Medium,0,Verified,images/114_竹北高中_114竹北高中_物理_試題_q2_problem.webp,images/114_竹北高中_114竹北高中_物理_試題_q2_answer.webp,,,如圖所示，一半徑為 R 的光滑半球形物體固定在水平面上，有一物體(視為質點)置於半 球形物體頂端，自靜止開始順著球面自由下滑，當它脫離半球形物體表面時鉛直落下高度為多少？
exam-1764850236584,114竹北高中,1,114,竹北高中,114竹北高中-物理-試題.pdf,q-1764850236634-2,3,Mechanics,Medium,0,Verified,images/114_竹北高中_114竹北高中_物理_試題_q3_problem.webp,images/114_竹北高中_114竹北高中_物理_試題_q3_answer.webp,,,"一質量為 4kg 的質點, 初速度 \vec{v_0} = 2\hat{i} - 5\hat{j} m/s, 受合力 \vec{F} = (t - 1)\hat{i} + (2t + 1)\hat{j} N 作用, 試求 4 秒內合力作功為多少焦耳?"
exam-1764850236584,114竹北高中,1,114,竹北高中,114竹北高中-物理-試題.pdf,q-1764850236634-3,4,Electromagnetism,Medium,0,Verified,images/114_竹北高中_114竹北高中_物理_試題_q4_problem.webp,images/114_竹北高中_114竹北高中_物理_試題_q4_answer.webp,,,如圖所示，一電荷 q 以速率 v 垂直射入寬度為 d 的均勻磁場 B(磁場方向為穿入紙面) 中，射出磁場時偏向位移為 d/3。則此電荷在磁場中經歷時間為何？
exam-1764850236584,114竹北高中,1,114,竹北高中,114竹北高中-物理-試題.pdf,q-1764850236634-4,5,Modern Physics,Medium,0,Verified,images/114_竹北高中_114竹北高中_物理_試題_q5_problem.webp,images/114_竹北高中_114竹北高中_物理_試題_q5_answer.webp,,,波耳的氫原子模型中，設氫的原子核帶+Ze的電量(Z為原子序)，質量為m的電子帶–e的電量在半徑為r的軌道上，以原子核為圓心作等速率v的圓周運動，且普朗克常數為h、庫侖常數為k、量子數為n，則電子之能量E的量子化關係為何？(請以Z、e、m、h、k、n、π回答)
exam-1764850236584,114竹北高中,1,114,竹北高中,114竹北高中-物理-試題.pdf,q-1764850236634-5,6,Thermodynamics,Medium,0,Verified,images/114_竹北高中_114竹北高中_物理_試題_q6_problem.webp,images/114_竹北高中_114竹北高中_物理_試題_q6_answer.webp,,,有甲、乙兩種單原子理想氣體，其原子的質量分別為 m1、m2，方均根速率分別為 v1、v2，原子數分別為 N1、N2；兩者混合於一體積為 V 的容器中，若混合過程中無能量散失或其他能量進入，且波茲曼常數為 k，平衡後試求乙原子的方均根速率為何？
exam-1764850236584,114竹北高中,1,114,竹北高中,114竹北高中-物理-試題.pdf,q-1764850236634-6,7,Mechanics,Medium,0,Verified,images/114_竹北高中_114竹北高中_物理_試題_q7_problem.webp,images/114_竹北高中_114竹北高中_物理_試題_q7_answer.webp,,,有一質量 4 kg，斜角為 37°的光滑斜面，其上放置質量 5 kg 的木塊，如圖所示，若木塊沿光滑斜面下滑，欲使斜面保持靜止，則斜面底面與地面間的靜摩擦係數至少應為若干？ (g = 10 m/s²)
exam-1764850236584,114竹北高中,1,114,竹北高中,114竹北高中-物理-試題.pdf,q-1764850236634-7,8,Modern Physics,Medium,0,Verified,images/114_竹北高中_114竹北高中_物理_試題_q8_problem.webp,images/114_竹北高中_114竹北高中_物理_試題_q8_answer.webp,,,一金屬材料發生光電效應的最大波長為 λ₀；將此材料製成一 半徑為 R 的圓球，並以絕緣線懸掛於真空室內。若以波長為 λ 的單色光持續照射此金屬球，其中 λ < λ₀，則此球可帶的電量最多為何？(設普朗克常數為 h、光速為 c、庫侖常數為 k、基本電荷為 e)
exam-1764850236584,114竹北高中,1,114,竹北高中,114竹北高中-物理-試題.pdf,q-1764850236634-8,9,Electromagnetism,Medium,0,Verified,images/114_竹北高中_114竹北高中_物理_試題_q9_problem.webp,images/114_竹北高中_114竹北高中_物理_試題_q9_answer.webp,,,如圖所示，半徑為r之半圓形線圈，可藉右側手搖柄處轉動，使線圈在磁場強度為B之均勻磁場中旋轉，檢流計G之內電阻為R，若線圈每秒鐘轉f圈，試求右側手搖柄處搖動線圈所需之最大機械功率為何？
exam-1764850236584,114竹北高中,1,114,竹北高中,114竹北高中-物理-試題.pdf,q-1764850236634-9,10,Mechanics,Medium,0,Verified,images/114_竹北高中_114竹北高中_物理_試題_q10_problem.webp,images/114_竹北高中_114竹北高中_物理_試題_q10_answer.webp,,,一圓盤邊緣繫著一條長度為 1.7 公尺的細繩，繩子的下端接著一個質量為 m 的小球，當圓盤等速率轉動時小球將跟著一起轉動，如圖所示。若希望小球的切線速率為 4m/s，且此時的旋轉半徑為 3m，若 g=10 m/s² 那麼圓轉盤的半徑應設計為幾公尺？
exam-1764850236584,114竹北高中,1,114,竹北高中,114竹北高中-物理-試題.pdf,q-1764850236634-10,11,Circuit,Medium,0,Verified,images/114_竹北高中_114竹北高中_物理_試題_q11_problem.webp,images/114_竹北高中_114竹北高中_物理_試題_q11_answer.webp,,,欲測量電路的電阻，可利用安培計及伏特計同時測量出電流與電壓，再按電阻定義算出電壓與電流的比值即為電阻的測量值；若將內電阻為 rA 的安培計、內電阻為 rV 的伏特計及實際電阻值為 R 的電阻依下面圖示的接法，試問電阻的測量值為何？
exam-1764850236584,114竹北高中,1,114,竹北高中,114竹北高中-物理-試題.pdf,q-1764850236634-11,12,Mechanics,Medium,0,Verified,images/114_竹北高中_114竹北高中_物理_試題_q12_problem.webp,images/114_竹北高中_114竹北高中_物理_試題_q12_answer.webp,,,如下圖所示，質量為m、帶有正電荷的小球繫於長為L的細繩的一端，細繩的另一端固定在O點。假設空間中有水平向右的均勻電場，重力場大小為g方向向下，小球在圖示位置P點呈靜止狀態，此時細繩與鉛垂線夾角為53°。若要使小球自P點出發能繞O點旋轉一周，則小球在P點的初速最小為？
exam-1764850236584,114竹北高中,1,114,竹北高中,114竹北高中-物理-試題.pdf,q-1764850236634-12,13,Electromagnetism,Medium,0,Verified,images/114_竹北高中_114竹北高中_物理_試題_q13_problem.webp,images/114_竹北高中_114竹北高中_物理_試題_q13_answer.webp,,,"如圖所示，兩同心的金屬薄球殼以 O 點為共同球心，其中，外球殼半徑為 4R，內球殼半徑為 R。若在內外球殼之間接上電動勢為 ε 的電池，正極接外球殼，負極接內球殼，且庫倫常數為 k，則內球殼累積的電荷量為？ (請以 ε, R, k 表示)"
exam-1764850236584,114竹北高中,1,114,竹北高中,114竹北高中-物理-試題.pdf,q-1764850236634-13,14,Electromagnetism,Medium,0,Verified,images/114_竹北高中_114竹北高中_物理_試題_q14_problem.webp,images/114_竹北高中_114竹北高中_物理_試題_q14_answer.webp,,,如圖，一圓柱型均勻磁場，其圓心在圖中的O點，半徑為r，今將一電荷質量m，電量+q的質點以速率v0瞄準O點入射，質點於射出磁場瞬間有一偏向角60°，試求：磁場大小為？
exam-1764850236584,114竹北高中,1,114,竹北高中,114竹北高中-物理-試題.pdf,q-1764850236634-14,15,Optics,Medium,0,Verified,images/114_竹北高中_114竹北高中_物理_試題_q15_problem.webp,images/114_竹北高中_114竹北高中_物理_試題_q15_answer.webp,,,波長λ的單色光，垂直射入折射率n、厚度d的薄膜，且薄膜置於空氣中，若要反射光的亮度為最大值，則薄膜的厚度至少為？
exam-1764850236584,114竹北高中,1,114,竹北高中,114竹北高中-物理-試題.pdf,q-1764850236634-15,16,Waves & Oscillations,Medium,0,Verified,images/114_竹北高中_114竹北高中_物理_試題_q16_problem.webp,images/114_竹北高中_114竹北高中_物理_試題_q16_answer.webp,,,一端開口，另一端封閉的玻璃管，在開口端外有長 0.5 公尺，質量為 5 公克，兩端固定，張力為 400 牛頓的弦。已知弦的第五諧音和玻璃管的第二泛音恰能產生共振，當時聲速為 340 公尺/秒，則玻璃管的長度為多少公分？
exam-1764850236584,114竹北高中,1,114,竹北高中,114竹北高中-物理-試題.pdf,q-1764850236634-16,17,Modern Physics,Medium,0,Verified,images/114_竹北高中_114竹北高中_物理_試題_q17_problem.webp,images/114_竹北高中_114竹北高中_物理_試題_q17_answer.webp,,,實驗以電子束照射食鹽晶體，已知在入射角α時，反射的電子束將形成第一級的建設性干涉。若實驗的晶格間距為d，且電子的質量為m_e，普朗克常數為h，則每個電子的能量為？
exam-1764850236584,114竹北高中,1,114,竹北高中,114竹北高中-物理-試題.pdf,q-1764850236634-17,18,Fluid Dynamics,Medium,0,Verified,images/114_竹北高中_114竹北高中_物理_試題_q18_problem.webp,images/114_竹北高中_114竹北高中_物理_試題_q18_answer.webp,,,"如下圖所示,密度為ρ的液柱以速度v,入射平面且不反彈,若入射角為θ,則液面承受的壓力為?"
exam-1764850236584,114竹北高中,1,114,竹北高中,114竹北高中-物理-試題.pdf,q-1764850236634-18,19,Modern Physics,Medium,0,Verified,images/114_竹北高中_114竹北高中_物理_試題_q19_problem.webp,images/114_竹北高中_114竹北高中_物理_試題_q19_answer.webp,,,"電子質量為 m , 被限制於一長度為 L 的線段內往復自由運動。穩定態時，電子在此線段內形成駐波，且線段兩端為節點。若普朗克常數為 h ，則此電子由第三激發態回到第一激發態時放出的光子頻率為？"
exam-1764850236584,114竹北高中,1,114,竹北高中,114竹北高中-物理-試題.pdf,q-1764850236634-19,20,Mechanics,Medium,0,Verified,images/114_竹北高中_114竹北高中_物理_試題_q20_problem.webp,images/114_竹北高中_114竹北高中_物理_試題_q20_answer.webp,,,質量 m 的木塊由高度為 h 的斜面頂端靜止下滑，已知木塊與水平地面的夾角為 θ，且木塊滑到斜面底部的速率為 √(gh) ，g 為重力加速度，則重力於下滑全程所提供的衝量量值為？
exam-1764850236584,114竹北高中,1,114,竹北高中,114竹北高中-物理-試題.pdf,q-1764850236634-20,21,Mechanics,Medium,0,Verified,images/114_竹北高中_114竹北高中_物理_試題_q21_problem.webp,images/114_竹北高中_114竹北高中_物理_試題_q21_answer.webp,,,一光滑平面上，質量為m的A球以初速4v，和原為靜止質量為2m的B球，作斜向彈性碰撞，B球彈開的方向與A球入射的方向夾60°，試求A球之末速大小為何？
exam-1764850236584,114竹北高中,1,114,竹北高中,114竹北高中-物理-試題.pdf,q-1764850236634-21,22,Mechanics,Medium,0,Verified,images/114_竹北高中_114竹北高中_物理_試題_q22_problem.webp,images/114_竹北高中_114竹北高中_物理_試題_q22_answer.webp,,,如圖所示的裝置中，A、B 兩物質量各為 3kg、2kg，動滑輪質量為 1kg，若不計繩子質量及任何摩擦，欲使 A 物體以 2m/s² 之加速度向上運動，則拉力 F 應為多少 N？(已知重力加速度 g=10m/s²)
exam-1764850236584,114竹北高中,1,114,竹北高中,114竹北高中-物理-試題.pdf,q-1764850236634-22,23,Mechanics,Medium,0,Verified,images/114_竹北高中_114竹北高中_物理_試題_q23_problem.webp,images/114_竹北高中_114竹北高中_物理_試題_q23_answer.webp,,,如圖所示，一物體質量為m，以動能K斜向入射於一光滑水平地面，設物體作非彈性碰撞，入射角為θ，反射角為φ，且φ>θ，則碰撞過程物體所受合力的衝量為何？
exam-1764850236584,114竹北高中,1,114,竹北高中,114竹北高中-物理-試題.pdf,q-1764850236634-23,24,Mechanics,Medium,0,Verified,images/114_竹北高中_114竹北高中_物理_試題_q24_problem.webp,images/114_竹北高中_114竹北高中_物理_試題_q24_answer.webp,,,一質量為 M 的滑塊置於光滑水平地面上，且此滑塊為半徑 R、光滑的 1/4 圓弧。今將質量為 m 的物體從圓弧的最高點由靜止自由釋放，如下圖所示。於物體 m 從最高點下降到圓弧最低點的過程中，正向力對 m 的做功為何？
exam-1764850236584,114竹北高中,1,114,竹北高中,114竹北高中-物理-試題.pdf,q-1764850236634-24,25,Circuit,Medium,0,Verified,images/114_竹北高中_114竹北高中_物理_試題_q25_problem.webp,images/114_竹北高中_114竹北高中_物理_試題_q25_answer.webp,,,一電路連接如右圖所示，電池的內電阻以及導線的電阻均可忽略不計，試求ab間的電位差Va-Vb是多少伏特？
exam-1764850236584,114竹北高中,1,114,竹北高中,114竹北高中-物理-試題.pdf,q-1764850236634-25,26,Waves & Oscillations,Medium,0,Verified,images/114_竹北高中_114竹北高中_物理_試題_q26_problem.webp,images/114_竹北高中_114竹北高中_物理_試題_q26_answer.webp,,,"如圖所示，以總質量為M且密度為水的一半之正立方體係在水面底，該正立方體的邊長為L，其頂面恰與水面共平面。假設水面的面積遠大於L², 重力加速度為g，且不考慮水的阻力，則斷繩後，正立方體上下震盪的頻率為？"
exam-1764850236584,114竹北高中,1,114,竹北高中,114竹北高中-物理-試題.pdf,q-1764850236634-26,27,Electromagnetism,Medium,0,Verified,images/114_竹北高中_114竹北高中_物理_試題_q27_problem.webp,images/114_竹北高中_114竹北高中_物理_試題_q27_answer.webp,,,如圖所示，銅條 ab 質量為 m，電阻為 R，長度為 λ，放置在傾斜角度為 θ 的兩平行軌條上。軌條相距為 λ，光滑無摩擦力且不計電阻，整個裝置放在有一鉛直向上之均勻磁場 B 中。假設銅條 ab 未滑下至底部前可達最大速度，則此最大速度為何？ (已知：重力加速度為 g)
exam-1764850236584,114竹北高中,1,114,竹北高中,114竹北高中-物理-試題.pdf,q-1764850236634-27,28,Waves & Oscillations,Medium,0,Verified,images/114_竹北高中_114竹北高中_物理_試題_q28_problem.webp,images/114_竹北高中_114竹北高中_物理_試題_q28_answer.webp,,,如下圖所示，質量 m 的小球從彈力常數為 k 且質量不計的輕彈簧正上方高度 h 處自由落下，並在落下後與彈簧結合，開始做簡諧運動，若重力加速度以 g 表示，則此簡諧運動的振幅為何？
exam-1764850236584,114竹北高中,1,114,竹北高中,114竹北高中-物理-試題.pdf,q-1764850236634-28,29,Electromagnetism,Medium,0,Verified,images/114_竹北高中_114竹北高中_物理_試題_q29_problem.webp,images/114_竹北高中_114竹北高中_物理_試題_q29_answer.webp,,,如圖所示，一對長λ之帶電平行金屬板，兩板間之均勻電場強度為 E，在平行金屬板右側距離為 D 處有一螢幕，今將一質量 m、電量 q 之點電荷以速度 v0 垂直電場方向，由平行金屬板左側射入，若僅考慮靜電力，不考慮重力，且平行金屬板間的距離夠大，以致點電荷不會撞擊到金屬板，試求點電荷在螢幕上之偏向位移為？
exam-1764850236584,114竹北高中,1,114,竹北高中,114竹北高中-物理-試題.pdf,q-1764850236634-29,30,Mechanics,Medium,0,Verified,images/114_竹北高中_114竹北高中_物理_試題_q30_problem.webp,images/114_竹北高中_114竹北高中_物理_試題_q30_answer.webp,,,如圖所示，地表有一人站在一滑車的磅秤上，且滑車在一斜角為 30°之光滑斜面上滑下 來。設此人的質量為 60kg，則滑車上的磅秤讀數為多少 kgw？
exam-1764851534995,114和平高中,1,114,和平高中,114和平高中-物理-試題.pdf,q-1764851535040-0,1,Mechanics,Medium,0,Verified,images/114_和平高中_114和平高中_物理_試題_q1_problem.webp,images/114_和平高中_114和平高中_物理_試題_q1_answer.webp,,,"重力加速度為 10 公尺/秒², 一質量 6.0 公斤的物體在距離地面高度 28 公尺處靜止爆炸，爆炸瞬間分裂為兩碎片，且同時沿鉛直方向飛離。在爆炸後 2.0 秒時，其中一碎片恰落地，而另一碎片尚距離地面 24 公尺高。忽略空氣阻力與物體因爆炸而損失的質量，物體爆炸後的瞬間，動能約增加_______焦耳。"
exam-1764851534995,114和平高中,1,114,和平高中,114和平高中-物理-試題.pdf,q-1764851535040-1,2,Mechanics,Medium,0,Verified,images/114_和平高中_114和平高中_物理_試題_q2_problem.webp,images/114_和平高中_114和平高中_物理_試題_q2_answer.webp,,,一長度 5.0 m、質量 40 kg 的均勻鋁梯，梯子所受重力集中在梯子中心。當梯子斜倚在光滑牆壁上，梯子頂端的高度為 4.0 m，梯子底端與牆角的距離為 3.0 m，且重力加速度 g 為 10 m/s²，梯子與水平地面間的靜摩擦係數為 0.40。若質量 30 kg 的幼童軍沿梯子向上移動，且梯子能維持靜止不致滑倒，該童軍在鋁梯上能夠到達的最大高度約為 _______ m。
exam-1764851534995,114和平高中,1,114,和平高中,114和平高中-物理-試題.pdf,q-1764851535040-2,3,Waves & Oscillations,Medium,0,Verified,images/114_和平高中_114和平高中_物理_試題_q3_problem.webp,images/114_和平高中_114和平高中_物理_試題_q3_answer.webp,,,"在聲速 340 m/s 的實驗室做氣柱共鳴實驗，測得一上端開口、下端封閉的空玻璃管的管內空氣有 204 Hz, 340 Hz, 476 Hz 等振動頻率，但此三頻率皆非空氣振動基本頻率。此玻璃管的最小管長約為 ______ cm。"
exam-1764851534995,114和平高中,1,114,和平高中,114和平高中-物理-試題.pdf,q-1764851535040-3,4,Waves & Oscillations,Medium,0,Verified,images/114_和平高中_114和平高中_物理_試題_q4_problem.webp,images/114_和平高中_114和平高中_物理_試題_q4_answer.webp,,,使用適切的頻率來回撥動貯水槽裡的水，可產生駐波，使貯水槽壁兩邊的水同時一邊高，另一邊也高；而一邊低時，另一邊也低。若水的波速為 1.0 m/s，貯水槽壁兩邊距離 75 cm，則下列何者為適切的頻率？ (A)1/3 Hz (B)2/3 Hz (C)1 Hz (D)4/3 Hz (E)2 Hz
exam-1764851534995,114和平高中,1,114,和平高中,114和平高中-物理-試題.pdf,q-1764851535040-4,5,Thermodynamics,Medium,0,Verified,images/114_和平高中_114和平高中_物理_試題_q5_problem.webp,images/114_和平高中_114和平高中_物理_試題_q5_answer.webp,,,有一密閉絕熱容器，以隔板將其隔成體積比為 1 : 2 的左右兩室，左室裝入 1 atm、溫度 300 K 的氦氣，右室裝入 2 atm、溫度 600 K 的氦氣。若拆除隔板使兩室氣體混合，則混合後氦氣的平衡溫度為 _______ K。
exam-1764851534995,114和平高中,1,114,和平高中,114和平高中-物理-試題.pdf,q-1764851535040-5,6,Astrophysics,Medium,0,Verified,images/114_和平高中_114和平高中_物理_試題_q6_problem.webp,images/114_和平高中_114和平高中_物理_試題_q6_answer.webp,,,一雙星系統的兩星體圍繞它們的系統質量中心等速圓周運動，已知週期皆為 T，兩星體之間的距離為 d，萬有引力常數為 G，此雙星系統的總質量為
exam-1764851534995,114和平高中,1,114,和平高中,114和平高中-物理-試題.pdf,q-1764851535040-6,7,Mechanics,Medium,0,Verified,images/114_和平高中_114和平高中_物理_試題_q7_problem.webp,images/114_和平高中_114和平高中_物理_試題_q7_answer.webp,,,一質量為 M、半徑為 R 的圓柱體，相對於圓柱中心為轉軸的轉動慣量 I_{cm} = \frac{1}{2}MR^2，以一條質量可不計且力常數為 3.00 N/m 的輕彈簧連結圓柱中心至一固定牆面，如圖所示。將彈簧從平衡點伸長 0.250 m 時靜止釋放，若圓柱體在水平平面上滾動而無任何滑動，不計任何能量損耗，則整個系統的最大平移動能為 J。
exam-1764851534995,114和平高中,1,114,和平高中,114和平高中-物理-試題.pdf,q-1764851535040-7,8,Mechanics,Medium,0,Verified,images/114_和平高中_114和平高中_物理_試題_q8_problem.webp,images/114_和平高中_114和平高中_物理_試題_q8_answer.webp,,,"一單擺擺長度為L,擺錘質量為m,擺繩的質量可以不計,且忽視所有摩擦力,重力加速度g。當單擺作小角度擺動時,若單擺的最大擺角為θ,則單擺從最低點向右運動,經半週期回到最低點時,定方向向上為正,以單位向量表示答案,此單擺受重力造成的衝量為________。
承接上一題第,此單擺受繩子張力造成的衝量為________。"
exam-1764851534995,114和平高中,1,114,和平高中,114和平高中-物理-試題.pdf,q-1764851535040-8,9,Circuit,Medium,0,Verified,images/114_和平高中_114和平高中_物理_試題_q9_problem.webp,images/114_和平高中_114和平高中_物理_試題_q9_answer.webp,,,一電路包含電池和電阻元件，如圖所示，不考慮電池的內電阻，a、b兩點間的電位差為_____V。
exam-1764851534995,114和平高中,1,114,和平高中,114和平高中-物理-試題.pdf,q-1764851535040-9,10,Electromagnetism,Medium,0,Verified,images/114_和平高中_114和平高中_物理_試題_q10_problem.webp,images/114_和平高中_114和平高中_物理_試題_q10_answer.webp,,,一般將高壓氣體充入氣球內可使氣球鼓脹，若在氣球表面塗上一層導電漆，使氣球表面成為導體，再用高壓電源接觸一原先鬆軟但表面導電的氣球，發現氣球也可逐漸膨脹成正圓球形。以物理概念判斷，氣球表面因高壓充電而帶電荷，表面電荷之間的相互排斥作用力，使氣球膨脹，也可解釋因高壓充電使氣球表面附近產生電場，電場作用於電荷使氣球表面受有向外的力，因而膨脹。若可忽略氣球開口的邊緣效應，庫侖常數 k 為 9.0×10^9 N·m^2/C^2，已知能使空氣游離的電場強度為 3.0 MV/m，若膨脹後的氣球半徑為 10 cm，則不致使氣球放電的最高外加電壓可達________伏特。
exam-1764851534995,114和平高中,1,114,和平高中,114和平高中-物理-試題.pdf,q-1764851535040-10,11,Mechanics,Medium,0,Verified,images/114_和平高中_114和平高中_物理_試題_q11_problem.webp,images/114_和平高中_114和平高中_物理_試題_q11_answer.webp,,,質量各為 m1 和 m2 的木塊甲與乙，如圖所示，分別以 v1 及 v2 的速度在一光滑平面上沿相同方向直線運動。已知 v1>v2，若質量 m2 的乙木塊連接力常數為 k 的理想輕彈簧，則彈簧最大壓縮量為
exam-1764851534995,114和平高中,1,114,和平高中,114和平高中-物理-試題.pdf,q-1764851535040-11,12,Electromagnetism,Medium,0,Verified,images/114_和平高中_114和平高中_物理_試題_q12_problem.webp,images/114_和平高中_114和平高中_物理_試題_q12_answer.webp,,,已知μ₀為真空磁導率，長度為L₁、L₂的兩條相同材料及粗細的電阻線圈成一圓，如圖所示，若電流I由P點流入，從Q點流出，則長度為L₁線段在圓心O點建立的磁場量值為_______。
exam-1764851534995,114和平高中,1,114,和平高中,114和平高中-物理-試題.pdf,q-1764851535040-12,13,Astrophysics,Medium,0,Verified,images/114_和平高中_114和平高中_物理_試題_q13_problem.webp,images/114_和平高中_114和平高中_物理_試題_q13_answer.webp,,,一人造衛星在距地心R_1為r的圓形軌道1運轉，今欲使人造衛星升高運行高度至距地心R_3為3r的圓軌道3穩定運轉，如圖所示。其過程需先將衛星在軌道1的A點加速後，依橢圓軌道2運轉到達B點再加速，接著循圓軌道3運轉。軌道1、2相切於A點，軌道2、3相切於B點。若人造衛星在軌道3正常運轉時的週期為T、動能為K，不考慮阻力，且定無窮遠處重力位能為零，則欲使人造衛星由軌道1的A點可順利運行到軌道2的B點，需補充能量__________。
exam-1764851534995,114和平高中,1,114,和平高中,114和平高中-物理-試題.pdf,q-1764851535040-13,14,Education,Medium,0,Verified,images/114_和平高中_114和平高中_物理_試題_q14_problem.webp,,,,請條列說明高三選修物理單元中「電子的荷質比」實驗的目的(2分)與原理(8分)。
exam-1764851534995,114和平高中,1,114,和平高中,114和平高中-物理-試題.pdf,q-1764851535040-14,15,Education,Medium,0,Verified,images/114_和平高中_114和平高中_物理_試題_q15_problem.webp,,,,在探究與實作的課程中，物理科教師引導學生設計一實驗，量測木盒與塑膠板之間的動摩擦係數。實驗室提供可能用到的裝置器材，例如，可黏貼固定在牆壁上的掛鉤、光滑可忽略摩擦力的實驗桌、彈簧秤、可裝砝碼的木盒、不同質量的砝碼數個、大塊塑膠板等。回答下列問題：(1)簡要說明操作步驟。(4 分)(2)簡要說明以上設計的優缺點與造成不確定度的原因。(6 分)
exam-1764851534995,114和平高中,1,114,和平高中,114和平高中-物理-試題.pdf,q-1764851535040-15,16,Education,Medium,0,Verified,images/114_和平高中_114和平高中_物理_試題_q16_problem.webp,,,,繪圖與推導薄透鏡近軸光線的成像公式：1/p + 1/q = 1/f 。p 為物距，q 為像距，f 為焦距。(4分) 為探討和說明眼睛看物體的成像機制，將人眼成像機制簡化成等效模型，如圖所示，圖中的凸透鏡相當於眼球的透鏡功能，凸透鏡前方表面如同人眼的角膜位置，成像面代表人眼視網膜位置。等效模型的凸透鏡前後介質的折射率n皆為1，而成像面在透鏡後方28 mm處，正常視力的意義是指在觀測一個在無窮遠處的目標物如一面國旗時，此目標物的成像恰在視網膜的成像面。一名罹患近視眼的學生，未配戴矯正鏡片時，觀測很遠的一面國旗，此時國旗的成像處卻在圖中等效模型中透鏡後方25 mm處，該名學生若未配戴矯正鏡片，卻想看到這面國旗的清楚影像，則國旗最遠可插在透鏡前方多少 cm 處？(3分) 承接上題，上一題的答案說明這名罹患近視眼的學生，在近視狀況能清楚看見物體的最遠距離。若要矯正該學生的視力，宜就醫診斷，專業醫師引導該生配戴適宜鏡片，矯正後才能具有正常視力。若此鏡置於上圖等效模型的凸透鏡前方20 mm處，則此鏡片應為何種透鏡？(1分) 焦距約為多少 cm？(2分)
exam-1764851534995,114和平高中,1,114,和平高中,114和平高中-物理-試題.pdf,q-1764851535040-16,17,Education,Medium,0,Verified,images/114_和平高中_114和平高中_物理_試題_q17_problem.webp,,,,今年是量子力學 100 週年，也是量子科技年。回答下列問題：(1)說明物理學家波耳在 1913 年提出的氫原子模型理論。(2 分)(2)闡述德布羅意的物質波理論與波耳氫原子模型理論的相關性 (4 分)。(3)說明 2022 年諾貝爾物理學獎的得獎主題，並簡要描述此主題對現代科技發展的意義。(4 分)。
exam-1764852541623,114松山高中,1,114,松山高中,114松山高中-物理-試題、解答.pdf,q-1764852541658-0,1,Mechanics,Medium,0,Verified,images/114_松山高中_114松山高中_物理_試題_解答_q1_problem.webp,images/114_松山高中_114松山高中_物理_試題_解答_q1_answer.webp,,,如圖所示，從點P以時間差t先後拋出A、B兩球，A和B都做拋物線運動，並在Q點相遇。A、B兩球的初速度大小都是50m/s，與水平方向的夾角分別為θ1和θ2，已知tanθ1 = 4/3，tanθ2 = 3/4。重力加速度g = 10m/s²，求時間差t為何？
exam-1764852541623,114松山高中,1,114,松山高中,114松山高中-物理-試題、解答.pdf,q-1764852541658-1,2,Mechanics,Medium,0,Pending,images/114_松山高中_114松山高中_物理_試題_解答_q2_problem.webp,images/114_松山高中_114松山高中_物理_試題_解答_q2_answer.webp,,,"考慮兩個同心的均勻薄球殼, 內殼的半徑為R1、質量為M1; 外殼的半徑為R2、質量為M2。質量為m的質點最初位於無窮遠處, 並且移動到與圓心距離為r的最終位置, 其中R1 < r < R2 (假設質點可以穿透球殼), G為萬有引力常數。試求在上述運動中兩個薄球殼重力對m所作的功為何？"
exam-1764852541623,114松山高中,1,114,松山高中,114松山高中-物理-試題、解答.pdf,q-1764852541658-2,3,Mechanics,Medium,0,Pending,images/114_松山高中_114松山高中_物理_試題_解答_q3_problem.webp,images/114_松山高中_114松山高中_物理_試題_解答_q3_answer.webp,,,質量3m、底角30°的斜面固定在磅秤上，如右圖所示，質量為m的木塊從斜面上無摩擦下滑，重力加速度為g，則木塊下滑的過程中，磅秤上的讀數為何?
exam-1764852541623,114松山高中,1,114,松山高中,114松山高中-物理-試題、解答.pdf,q-1764852541658-3,4,Optics,Medium,0,Pending,images/114_松山高中_114松山高中_物理_試題_解答_q4_problem.webp,images/114_松山高中_114松山高中_物理_試題_解答_q4_answer.webp,,,雙狹縫干涉實驗的困難處，在於不容易產生好的同調光，1834 年英國科學家洛埃用不同於楊格的方法，也在屏幕上產生干涉 條紋。洛埃的做法是將光源放在平面鏡前，利用直進光與經過 平面鏡的反射光進行干涉，如右圖所示。已知光源的波長為 5000 埃、光源到平面鏡的距離為 1.00 公分，光源到屏幕的距 離為 1.00 公尺，則屏幕上干涉條紋中，暗紋間距為何？
exam-1764852541623,114松山高中,1,114,松山高中,114松山高中-物理-試題、解答.pdf,q-1764852541658-4,5,Circuit,Medium,0,Verified,images/114_松山高中_114松山高中_物理_試題_解答_q5_problem.webp,images/114_松山高中_114松山高中_物理_試題_解答_q5_answer.webp,,,在如圖所示的電路中，當a、c兩端加上20V的電壓時，測得b、d兩端的電壓為10V；若改在b、d兩端加上20V的電壓，測得a、c兩端的電壓為多少？
exam-1764852541623,114松山高中,1,114,松山高中,114松山高中-物理-試題、解答.pdf,q-1764852541658-5,6,Electromagnetism,Medium,0,Verified,images/114_松山高中_114松山高中_物理_試題_解答_q6_problem.webp,images/114_松山高中_114松山高中_物理_試題_解答_q6_answer.webp,,,"一靜止物體在垂直穿入紙面的磁場(B)中分裂為甲、乙兩塊, 甲物體的質量為 3m/4、電量為+2q/3; 乙物體的質量為m/4、電量為+q/3, 甲的運動軌跡如 右圖所示, 且知其旋轉半徑為R, 試求分裂時轉變成動能的能量為何?"
exam-1764852541623,114松山高中,1,114,松山高中,114松山高中-物理-試題、解答.pdf,q-1764852541658-6,7,Electromagnetism,Medium,0,Verified,images/114_松山高中_114松山高中_物理_試題_解答_q7_problem.webp,images/114_松山高中_114松山高中_物理_試題_解答_q7_answer.webp,,,"平面上的電場 E = ayx̂ + axŷ, 其中 a 為常數、x̂ 與 ŷ 分別為 x 軸的單位向量以及 y 軸的單位向量，若將坐標原點(0,0)的電位取為零，求出點(x,y)的電位為何？"
exam-1764852541623,114松山高中,1,114,松山高中,114松山高中-物理-試題、解答.pdf,q-1764852541658-7,8,Mechanics,Medium,0,Verified,images/114_松山高中_114松山高中_物理_試題_解答_q8_problem.webp,images/114_松山高中_114松山高中_物理_試題_解答_q8_answer.webp,,,阻攔索(Arresting gear)當教練機要著陸在航空母艦上時，有一種用來減低飛機速率的方法：讓飛機的尾端鉤住一條重鍊條的前端，而鍊條原本堆置在甲板下方，如下圖所示。假設飛機的質量為m、剛著陸的速度為v₀、鍊條的線密度為μ，忽略其他阻力及鍊鍊的高度變化。請問當飛機的速度為v時，算出鍊條作用於飛機的力F的量值為何？
exam-1764852541623,114松山高中,1,114,松山高中,114松山高中-物理-試題、解答.pdf,q-1764852541658-8,9,Mechanics,Medium,0,Verified,images/114_松山高中_114松山高中_物理_試題_解答_q9_problem.webp,images/114_松山高中_114松山高中_物理_試題_解答_q9_answer.webp,,,如下圖所示，某板車上載有一質量為 4 公斤的紙箱(紙箱體積可以忽略)，紙箱和板車間的動摩擦力 4 牛頓、最大靜摩擦力為 4.5 牛頓，如果定水平向右為 +x 軸方向，重力加速度為 10.0 m/s²。若板車在水平直線道路上，由靜止開始運動的速度 v 與時間 t 關係圖如右下圖所示，則板車的長度至少需多少公尺，紙箱才不會掉出板車。
exam-1764852541623,114松山高中,1,114,松山高中,114松山高中-物理-試題、解答.pdf,q-1764852541658-9,10,Mechanics,Medium,0,Verified,images/114_松山高中_114松山高中_物理_試題_解答_q10_problem.webp,images/114_松山高中_114松山高中_物理_試題_解答_q10_answer.webp,,,如右圖所示，兩均勻鋁梯以鉸鏈連接在 A 點，並且靜置於光滑水平地面，距地面 h/4 高度處有一水平細繩連接兩梯，使兩梯間恰成 60° 而平衡。設兩梯等長但重量不等，左梯重 W，右梯重 2W，則細繩張力大小為若干？
exam-1764852541623,114松山高中,1,114,松山高中,114松山高中-物理-試題、解答.pdf,q-1764852541658-10,11,Mechanics,Medium,0,Verified,images/114_松山高中_114松山高中_物理_試題_解答_q11_problem.webp,images/114_松山高中_114松山高中_物理_試題_解答_q11_answer.webp,,,如右圖所示，沙粒放在漏斗中，並在時間 t=0 時打開漏斗出口使沙粒開始穩定流出。漏斗出口與磅秤平台的距離 h 為 5 公尺，磅秤平台所受的力不只是沙粒的重力，而且也包括衝擊力。如果每顆沙粒的平均質量約為 0.01 公克，且每秒流出 1000 顆沙粒。請問 t=5 sec 時，磅秤讀數為多少公克重？
exam-1764852541623,114松山高中,1,114,松山高中,114松山高中-物理-試題、解答.pdf,q-1764852541658-11,12,Mechanics,Medium,0,Verified,images/114_松山高中_114松山高中_物理_試題_解答_q12_problem.webp,images/114_松山高中_114松山高中_物理_試題_解答_q12_answer.webp,,,"有一輛車以加速度√3g水平前進(g 為重力加速度), 車上之人以相對於車的速率 v 向上拋一球, 若不計空氣阻力, 請問小球在空中飛行過程中, 相對於車上之人的最低速率為何?"
exam-1764852541623,114松山高中,1,114,松山高中,114松山高中-物理-試題、解答.pdf,q-1764852541658-12,13,Thermodynamics,Medium,0,Verified,images/114_松山高中_114松山高中_物理_試題_解答_q13_problem.webp,images/114_松山高中_114松山高中_物理_試題_解答_q13_answer.webp,,,一汽缸內油氣點燃時，氣體的溫度為T₁K，壓力為p，體積為v，當氣體體積膨脹後溫度為T₂K，假設氣體為理想氣體，且為絕熱膨脹，求活塞對外界所作的功為若干？
exam-1764852541623,114松山高中,1,114,松山高中,114松山高中-物理-試題、解答.pdf,q-1764852541658-13,14,Optics,Medium,0,Verified,images/114_松山高中_114松山高中_物理_試題_解答_q14_problem.webp,images/114_松山高中_114松山高中_物理_試題_解答_q14_answer.webp,,,某顯微鏡的物鏡焦距為 2.5cm，目鏡焦距為 5.0cm，兩鏡相距 18.0cm，假設觀察者的明視距離為 20.0cm，則要將觀察的物體調整至距物鏡多少公分處？
exam-1764852541623,114松山高中,1,114,松山高中,114松山高中-物理-試題、解答.pdf,q-1764852541658-14,15,Electromagnetism,Medium,0,Verified,images/114_松山高中_114松山高中_物理_試題_解答_q15_problem.webp,images/114_松山高中_114松山高中_物理_試題_解答_q15_answer.webp,,,中空圓筒形導體中的電流所產生的磁場，會對其載流粒子施加磁力，故被用來設計能提供安全核能且燃料不虞匱乏的核熔合反應器。如右圖所示為筒壁很薄、半徑為 R 的鉛製長直圓筒，電流 I 平行於筒軸穩定流動，均勻通過筒壁各截面，而可當作為 n 條完全相同且平行的長直載流導線，每條導線的電流都為 i = I/n。若 n 比 1 大得多，則每單位面積垂直作用於筒壁的磁力為若干？(答案以 I、R 表示)
exam-1764852541623,114松山高中,1,114,松山高中,114松山高中-物理-試題、解答.pdf,q-1764852541658-15,16,Waves & Oscillations,Medium,0,Verified,images/114_松山高中_114松山高中_物理_試題_解答_q16_problem.webp,images/114_松山高中_114松山高中_物理_試題_解答_q16_answer.webp,,,台灣首艘國造潛艦「海鯤號」於2024年9月底完成下水儀式，為了測試潛艦最快航速，在潛艦的水平航道上架設聲納測速儀，對潛艦進行測速。假設潛艦以最大航速等速度航行，下圖(a)為潛艦與測速儀器在同一水平直線上的相對位置關係，偵測結果如下圖(b)所示，其中S₁、S₂表示儀器發出的訊號，r₁、r₂為由潛艦反射後接收到的訊號，假設聲納測速儀每秒發射f個訊號，海水中的聲速為v_w (m/s)，且1/f > Δt₁ > Δt₂，則根據圖(b)可推估潛艦的最快航速為若干？
exam-1764852541623,114松山高中,1,114,松山高中,114松山高中-物理-試題、解答.pdf,q-1764852541658-16,17,Mechanics,Medium,0,Verified,images/114_松山高中_114松山高中_物理_試題_解答_q17_problem.webp,images/114_松山高中_114松山高中_物理_試題_解答_q17_answer.webp,,,質量為 m 的汽車在曲率半徑為 R 的道路上轉彎，路面傾斜角為 θ，重力加速度為 g。若輪胎與地面靜摩擦係數為 μs，動摩擦係數為 μk，請問汽車過彎最大速率為何？
exam-1764852541623,114松山高中,1,114,松山高中,114松山高中-物理-試題、解答.pdf,q-1764852541658-17,18,Mechanics,Medium,0,Verified,images/114_松山高中_114松山高中_物理_試題_解答_q18_problem.webp,images/114_松山高中_114松山高中_物理_試題_解答_q18_answer.webp,,,"有一質量為 M, 半徑 R 質量均勻分佈的軟圓環, 繞其中心軸在水平面以角速度 ω 旋轉, 請問此圓環的張力 T 為何?"
exam-1764852541623,114松山高中,1,114,松山高中,114松山高中-物理-試題、解答.pdf,q-1764852541658-18,19,Mechanics,Medium,0,Verified,images/114_松山高中_114松山高中_物理_試題_解答_q19_problem.webp,images/114_松山高中_114松山高中_物理_試題_解答_q19_answer.webp,,,如圖，一根長L的細桿一端及正中央分別連接質量m的物體，若細桿鉛直懸掛且可繞O點自由旋轉，今有一質量也為m的泥球以水平速度v撞擊下方之物體後合為一體，若撞擊後此細桿可繞O點鉛直過最高點旋轉，請問速度v至少為何？(物體遠小於細桿長度L，重力加速度為g)
exam-1764852541623,114松山高中,1,114,松山高中,114松山高中-物理-試題、解答.pdf,q-1764852541658-19,20,Waves & Oscillations,Medium,0,Verified,images/114_松山高中_114松山高中_物理_試題_解答_q20_problem.webp,images/114_松山高中_114松山高中_物理_試題_解答_q20_answer.webp,,,如圖，一彈力常數k的理想彈簧鉛直放置，上方固定一個質量m的木塊，若將一質量m的木塊自m上方h處由靜止釋放，落下後兩木塊合為一體振動，若重力加速度為g，請問合體後振盪的振幅大小為何？
exam-1764852541623,114松山高中,1,114,松山高中,114松山高中-物理-試題、解答.pdf,q-1764852541658-20,21,Mechanics,Medium,0,Verified,images/114_松山高中_114松山高中_物理_試題_解答_q21_problem.webp,images/114_松山高中_114松山高中_物理_試題_解答_q21_answer.webp,,,"有一小車質量為 M, 車內壁 AB 為一光滑半圓, 半徑為 R, 車的左邊靠著牆壁, 若不計車與地面摩擦力, 將質量為 m 的小球由 A 點上方 R 處自由落下, 小球沿著 AB 弧面離開後能達到距 B 點最大高度為何?"
exam-1764852541623,114松山高中,1,114,松山高中,114松山高中-物理-試題、解答.pdf,q-1764852541658-21,22,Electromagnetism,Medium,0,Verified,images/114_松山高中_114松山高中_物理_試題_解答_q22_problem.webp,images/114_松山高中_114松山高中_物理_試題_解答_q22_answer.webp,,,如圖，有一長為 A，寬為 B 的線圈 abcd，在水平均勻磁場 B 中繞 OO'軸旋轉，若旋轉角速度為 ω，令圖示瞬間 t=0，且線圈面恰與磁場平行，此時 ab 邊轉入紙面，cd 邊轉出紙面，若令電流 abcd 為正方向，請問此線圈的電動勢隨時間關係為何？
exam-1764852541623,114松山高中,1,114,松山高中,114松山高中-物理-試題、解答.pdf,q-1764852541658-22,23,Thermodynamics,Medium,0,Verified,images/114_松山高中_114松山高中_物理_試題_解答_q23_problem.webp,images/114_松山高中_114松山高中_物理_試題_解答_q23_answer.webp,,,如圖，固定質量的理想氣體，由狀態 A 等溫變化至狀態 B，再由狀態 B 定容變化至狀態 C，已知氣體由 A 至 B 過程吸熱 Q1，由 B 至 C 過程放熱 Q2，請問氣體由 A 至 C 的過程內能變化為何？(須說明增加或減少多少量值)
exam-1764852541623,114松山高中,1,114,松山高中,114松山高中-物理-試題、解答.pdf,q-1764852541658-23,24,Waves & Oscillations,Medium,0,Verified,images/114_松山高中_114松山高中_物理_試題_解答_q24_problem.webp,images/114_松山高中_114松山高中_物理_試題_解答_q24_answer.webp,,,如圖所示，同相點波源 S1 及 S2，相距 12 m，各自發出波長為 2 m 的圓形波。小智由 S1 出發，垂直波源連線方向前進 9 m 到達 P 點，則途中會經過幾條節線？
exam-1764852541623,114松山高中,1,114,松山高中,114松山高中-物理-試題、解答.pdf,q-1764852541658-24,25,Education,Medium,0,Verified,images/114_松山高中_114松山高中_物理_試題_解答_q25_problem.webp,,,,在光滑水平面上，有一正三角形的均勻面板，現以如圖所示的幾種方式施水平力，圖中各力的量值都相等（施力與面板邊緣的夾角為0°、60°、90°、120°或150°）。試問下列圖中，哪些施力方式會使面板轉動而不會移動？這是某年的指考題目，正確答案為丙、丁，但學生問如果看乙圖，若以三角形面板的左下頂點A為支點，合力矩就不為零，為什麼不會繞A轉動？要如何回答？ (5分)
exam-1764852541623,114松山高中,1,114,松山高中,114松山高中-物理-試題、解答.pdf,q-1764852541658-25,26,Mechanics,Medium,0,Verified,images/114_松山高中_114松山高中_物理_試題_解答_q26_problem.webp,,,,"斜邊長度為 L, 傾斜角度 θ 的斜面上有一直徑 R, 質量為 M 的實心圓柱, 由頂端滾動下來, 若接觸點無相對滑動, 請問: (1) 請證明實心圓柱繞中央軸的轉動慣量為 1/2 MR^2 (2 分) (2) 滾動時此圓柱的質心加速度大小為何? (3 分)"
exam-1764852541623,114松山高中,1,114,松山高中,114松山高中-物理-試題、解答.pdf,q-1764852541658-26,27,Education,Medium,0,Verified,images/114_松山高中_114松山高中_物理_試題_解答_q27_problem.webp,,,,有一水箱盛水20cm深，水面下8cm處有一點光源S，水箱底部為一焦距為10cm的凹面鏡，請計算推導(2分)並畫出光路圖(3分)，說明點光源S的成像位置。
exam-1764852541623,114松山高中,1,114,松山高中,114松山高中-物理-試題、解答.pdf,q-1764852541658-27,28,Education,Medium,0,Verified,images/114_松山高中_114松山高中_物理_試題_解答_q28_problem.webp,,,,如下圖，有一水槽放置一木塊，靜置於磅秤上量到的讀數為W，今將此木塊由高處落入水中，當整個木塊沒入水中還在向下運動時，磅秤讀數為W_1，當木塊到達最低點時，磅秤讀數為W_2，當木塊開始上浮但尚未露出水面時磅秤讀數為W_3，請問W_1、W_2、W_3分別大於、等於或小於W？請說明原因。(5分)
exam-1764852541623,114松山高中,1,114,松山高中,114松山高中-物理-試題、解答.pdf,q-1764852541658-28,29,Education,Medium,0,Verified,images/114_松山高中_114松山高中_物理_試題_解答_q29_problem.webp,,,,請以”熱”為主題，規劃一個適合高中生在實驗室探究實作的課程，內容需包括：主題、實驗假設、操縱變因、控制變因、應變變因、器材與材料、實驗步驟，並簡單說明如何分析數據。(8分)
exam-1764853978216,114復興高中,1,114,復興高中,114復興高中-物理-試題.pdf,q-1764853978254-0,1,Mechanics,Medium,0,Pending,images/114_復興高中_114復興高中_物理_試題_q1_problem.webp,images/114_復興高中_114復興高中_物理_試題_q1_answer.webp,,,一粒子受 F = -bx^2 的力作用沿著 x 軸移動，其中 b = 3.0 N/m^2。假設 x = 0 的位能為 0.0 J，則粒子在 x = 1.0 m 的位能為多少焦耳？
exam-1764853978216,114復興高中,1,114,復興高中,114復興高中-物理-試題.pdf,q-1764853978254-1,2,Waves & Oscillations,Medium,0,Verified,images/114_復興高中_114復興高中_物理_試題_q2_problem.webp,images/114_復興高中_114復興高中_物理_試題_q2_answer.webp,,,質量皆為 M 相距 2a 之二固定質點，其連線之中垂線上與中點 O 相距 x 處有一質量 m 的質點，此質點原本靜止，受二 M 之引力而開始作週期性運動，若 x << a，則此運動為 SHM。請問 m 運動抵達 O 點時速率為何？
exam-1764853978216,114復興高中,1,114,復興高中,114復興高中-物理-試題.pdf,q-1764853978254-2,3,Mechanics,Medium,0,Verified,images/114_復興高中_114復興高中_物理_試題_q3_problem.webp,images/114_復興高中_114復興高中_物理_試題_q3_answer.webp,,,一人自某懸崖邊以初速 5.0 m/s 將小球斜拋入空中，已知歷經一秒後，小球速度方向垂直於其初速度方向，則該小球被拋出時初速度與水平方向的夾角為多少度？(設地表重力加速度 g = 10m/s^2)
exam-1764853978216,114復興高中,1,114,復興高中,114復興高中-物理-試題.pdf,q-1764853978254-3,4,Mechanics,Medium,0,Verified,images/114_復興高中_114復興高中_物理_試題_q4_problem.webp,images/114_復興高中_114復興高中_物理_試題_q4_answer.webp,,,如圖所示，一質量為 m 可視為質點的小球從離地 H 處水平射出，第一次落地時的水平位移為 4H/3，反彈最大高度為 9H/16。若地板為光滑，且空氣阻力可以忽略，而小球與地板接觸的時間為 t，重力加速度量值為 g。第一次落地碰撞期間，小球在鉛直方向所受到的平均作用力量值為何？
exam-1764853978216,114復興高中,1,114,復興高中,114復興高中-物理-試題.pdf,q-1764853978254-4,5,Mechanics,Medium,0,Verified,images/114_復興高中_114復興高中_物理_試題_q5_problem.webp,images/114_復興高中_114復興高中_物理_試題_q5_answer.webp,,,"設雨滴在空中運動時,所受空氣阻力與其速率的平方成正比,故從高空中落下之雨滴,在其落至地面前均已達終端速度。若有質量分別為 m₁、m₂ 的兩個雨滴從高空中落下,則當它們做等速直線運動時,重力對兩個雨滴做功的功率之比為何?"
exam-1764853978216,114復興高中,1,114,復興高中,114復興高中-物理-試題.pdf,q-1764853978254-5,6,Thermodynamics,Medium,0,Verified,images/114_復興高中_114復興高中_物理_試題_q6_problem.webp,images/114_復興高中_114復興高中_物理_試題_q6_answer.webp,,,如圖所示，一個水平放置的絕熱容器，以一片可自由移動的絕熱隔板分隔為兩室，兩室中裝有同一種的單原子理想氣體。當隔板達靜力平衡時，右室之絕對溫度為T，且左室與右室氣體之原子個數比為3:1，體積比為2:1。若在不對氣體作功的情況下，將隔板打開使兩室相通，則容器中的氣體最後達到熱平衡時之絕對溫度為何？
exam-1764853978216,114復興高中,1,114,復興高中,114復興高中-物理-試題.pdf,q-1764853978254-6,7,Optics,Medium,0,Verified,images/114_復興高中_114復興高中_物理_試題_q7_problem.webp,images/114_復興高中_114復興高中_物理_試題_q7_answer.webp,,,有一凸透鏡與一屏幕相距 12 cm，現有某物體經此透鏡所成之實像正落於屏幕上，如果將透鏡離物體移遠 2 cm，屏幕應向物體移近 2 cm，如此又可生實像於屏幕上，求此透鏡之焦距為多少 cm？
exam-1764853978216,114復興高中,1,114,復興高中,114復興高中-物理-試題.pdf,q-1764853978254-7,8,Circuit,Medium,0,Verified,images/114_復興高中_114復興高中_物理_試題_q8_problem.webp,images/114_復興高中_114復興高中_物理_試題_q8_answer.webp,,,如下圖所示的電路中，設電池的內電阻為零，則流經 40 Ω 電阻的電流量為 _______ A。
exam-1764853978216,114復興高中,1,114,復興高中,114復興高中-物理-試題.pdf,q-1764853978254-8,9,Modern Physics,Medium,0,Verified,images/114_復興高中_114復興高中_物理_試題_q9_problem.webp,images/114_復興高中_114復興高中_物理_試題_q9_answer.webp,,,根據波耳原子模型，若基態氫原子的電子軌道半徑為 r，當電子處於第 2 激發態時，其物質波波長為多少？
exam-1764853978216,114復興高中,1,114,復興高中,114復興高中-物理-試題.pdf,q-1764853978254-9,10,Modern Physics,Medium,0,Verified,images/114_復興高中_114復興高中_物理_試題_q10_problem.webp,images/114_復興高中_114復興高中_物理_試題_q10_answer.webp,,,"某原子質量為M,在靜止狀態下釋放出一頻率為v)的光子後,原子內能減少 少量為多少?(請以普朗克常數h、光速c、質量M和頻率v表示)"
exam-1764853978216,114復興高中,1,114,復興高中,114復興高中-物理-試題.pdf,q-1764853978254-10,11,Optics,Medium,0,Verified,images/114_復興高中_114復興高中_物理_試題_q11_problem.webp,images/114_復興高中_114復興高中_物理_試題_q11_answer.webp,,,"有一雙狹縫裝置,其狹縫間距為 d,螢幕與雙狹縫平行、距離為 L,以一束綠色雷射光經空氣垂直射入雙狹縫,在螢幕上相鄰兩亮紋間距為 X_1。若改在平靜的水中進行上述實驗,其餘條件皆相同,在螢幕上相鄰兩亮紋間距為 X_2,則 X_2 / X_1 之值為何? (已知水的折射率為 4/3)"
exam-1764853978216,114復興高中,1,114,復興高中,114復興高中-物理-試題.pdf,q-1764853978254-11,12,Mechanics,Medium,0,Verified,images/114_復興高中_114復興高中_物理_試題_q12_problem.webp,images/114_復興高中_114復興高中_物理_試題_q12_answer.webp,,,質量 M 的木塊在水平地面上以初速度v0滑出。已知木塊與地面間的動摩擦係數為μk，當木塊的速度變成v0/2的瞬間，有一質量為m的物體從木塊的正上方以接近零的速度落下，如圖所示，並和木塊黏在一起。試問這兩個物體可繼續滑行多遠後才停住？
exam-1764853978216,114復興高中,1,114,復興高中,114復興高中-物理-試題.pdf,q-1764853978254-12,13,Mechanics,Medium,0,Verified,images/114_復興高中_114復興高中_物理_試題_q13_problem.webp,images/114_復興高中_114復興高中_物理_試題_q13_answer.webp,,,甲、乙兩人分別坐在小船的船頭與船尾。開始時，小船停在靜止的水中。甲以水平方向的速度v0將質量為m0的球擲向乙，同一時間乙以水平方向速度-2v0將一質量相同的球擲向甲。已知甲、乙兩人的質量均為m，船的質量為M。假設水對船的阻力可以不計，且在空中時，球速的改變可以忽略不計。若乙接到甲擲來的球，但乙擲出的球未被甲碰到，直接落入甲後方的水中，求最後船的速度v2。
exam-1764853978216,114復興高中,1,114,復興高中,114復興高中-物理-試題.pdf,q-1764853978254-13,14,Circuit,Medium,0,Verified,images/114_復興高中_114復興高中_物理_試題_q14_problem.webp,images/114_復興高中_114復興高中_物理_試題_q14_answer.webp,,,設計一個分壓器，如圖為以兩串聯電阻R1、R2和一電壓源Vin組成分壓器的電路，其中R1 = 75 Ω 及Vin = 100 V，若負載RL的電壓Vout為25 V，且流經RL的電流為900 mA，則R2的電阻值為多少 Ω？
exam-1764853978216,114復興高中,1,114,復興高中,114復興高中-物理-試題.pdf,q-1764853978254-14,15,Electromagnetism,Medium,0,Verified,images/114_復興高中_114復興高中_物理_試題_q15_problem.webp,images/114_復興高中_114復興高中_物理_試題_q15_answer.webp,,,將一平行板電容器的內部抽成真空，其中一板帶正電，另一板帶等量的負電。已知當兩個電極板間的間距為 1.2 cm 時，電容器內部電場的強度為 25 kV/m。若此電容器兩電極板間的電位差維持不變，但兩極板的間距變為 2.0 cm 時，則電容器內部電場的強度為____kV/m。
exam-1764853978216,114復興高中,1,114,復興高中,114復興高中-物理-試題.pdf,q-1764853978254-15,16,Modern Physics,Medium,0,Verified,images/114_復興高中_114復興高中_物理_試題_q16_problem.webp,images/114_復興高中_114復興高中_物理_試題_q16_answer.webp,,,一金屬材料發生光電效應的最大波長為λ0；將此材料作成一半徑為R的圓球，並以絕緣線懸掛於真空室內。若以波長為λ的單色光持續照射此金屬球，其中λ<λ0，則此球可帶的電量最多為_____(庫侖定律常數 k)
exam-1764853978216,114復興高中,1,114,復興高中,114復興高中-物理-試題.pdf,q-1764853978254-16,17,Modern Physics,Medium,0,Verified,images/114_復興高中_114復興高中_物理_試題_q17_problem.webp,images/114_復興高中_114復興高中_物理_試題_q17_answer.webp,,,依照波耳的氫原子模型，電子繞質子作等速率圓周運動。若已知電子的質量為m，氫原子在基態時，電子的角動量量值為ħ (ħ=h/2π，h為普朗克常數)，其軌道半徑為a0，則氫原子在基態時，電子的總能量為多少？
exam-1764853978216,114復興高中,1,114,復興高中,114復興高中-物理-試題.pdf,q-1764853978254-17,18,Fluid Dynamics,Medium,0,Verified,images/114_復興高中_114復興高中_物理_試題_q18_problem.webp,images/114_復興高中_114復興高中_物理_試題_q18_answer.webp,,,"飛機於長程水平飛行時,其用來平衡重力的上升力可近似為 F_上 = αpv^2, v 為飛行速率, ρ 為空氣密度, α 為相關的常數。若飛機此時所受的空氣阻力 可假設為 F_阻=βρv, β 為常數。已知空氣密度 ρ 會隨著飛行高度的增加而變 小。假設某一高空航線的空氣密度 ρ 為另一低空的 1/2。僅考慮上述主要效 應,並忽略浮力。若同一飛機維持固定的高度,水平飛行相同的航程,則 在該高空與低空航線因阻力所消耗的能量之比值為何?"
exam-1764853978216,114復興高中,1,114,復興高中,114復興高中-物理-試題.pdf,q-1764853978254-18,19,Uncategorized,Medium,0,Verified,images/114_復興高中_114復興高中_物理_試題_q19_problem.webp,images/114_復興高中_114復興高中_物理_試題_q19_answer.webp,,,"製作一對完全相同的強力理想彈簧所構成可垂直彈射之投射裝置,如圖所示,設g為重力加速度,彈
簧的彈性常數為k。若質量為m的物體置於質量可忽略的彈射底盤上,欲將物體以5g的起始加速度垂
直射向空中,此時兩彈簧與鉛垂線的夾角皆為0=60°,則每個彈簧的伸長量為何?"
exam-1764853978216,114復興高中,1,114,復興高中,114復興高中-物理-試題.pdf,q-1764853978254-19,20,Uncategorized,Medium,0,Verified,images/114_復興高中_114復興高中_物理_試題_q20_problem.webp,images/114_復興高中_114復興高中_物理_試題_q20_answer.webp,,,".一熱力學系統內能的增加等於所吸收的熱能減去系統對外界所做的功。某一以氣體為介質的熱力學系
統狀態方程式為PV=f(T),式中P為氣體壓力,V為氣體體積,T為氣體溫度,f(T)為絕對溫度的任
意函數。若此熱力學系統進行右圖所示的循環過程,則自b至c系統對外界所做的功為多少?"
exam-1764853978216,114復興高中,1,114,復興高中,114復興高中-物理-試題.pdf,q-1764853978254-20,21,Uncategorized,Medium,0,Verified,images/114_復興高中_114復興高中_物理_試題_q21_problem.webp,images/114_復興高中_114復興高中_物理_試題_q21_answer.webp,,,"兩個點光源S、S2間的距離為24cm,使用焦距為9cm的薄透鏡L,垂直放置於兩點光源SI、S2的連線上並調整位置,如圖所示,使兩個點光源成像於同一位置,則兩點光源到透鏡的距離比為何?"
exam-1764853978216,114復興高中,1,114,復興高中,114復興高中-物理-試題.pdf,q-1764853978254-21,22,Uncategorized,Medium,0,Verified,images/114_復興高中_114復興高中_物理_試題_q22_problem.webp,images/114_復興高中_114復興高中_物理_試題_q22_answer.webp,,,"某陸軍砲兵營在一次演習中,將一砲彈以初速50m/s仰角45°自地面向正北方發射,達最高點時爆破為兩塊彈片,其質量比為m1:m2=2:3,指揮官由望遠鏡觀看發現mI、m2同時著地,且測得m1落於發射地點北方280m、東方30m處,則ml、m2落地相距多少m?(g=10m/s2)"
exam-1764853978216,114復興高中,1,114,復興高中,114復興高中-物理-試題.pdf,q-1764853978254-22,23,Waves & Oscillations,Medium,0,Verified,images/114_復興高中_114復興高中_物理_試題_q23_problem.webp,images/114_復興高中_114復興高中_物理_試題_q23_answer.webp,,,如圖所示，於無摩擦的水平桌面上，有大小相同、質量分別為 M、m 的兩均勻木塊，以質量可忽略、力常數 (彈性常數) 為 k、未受力時長度為 L 的彈簧，連接兩木塊的質心。假設質量為 M、m 的木塊位置皆不固定，並將 M、m 拉開，使彈簧伸長一小段距離 ΔL，此過程中質心 CM 的位置不變，然後同時放開處於靜止的兩木塊，則 M、m 皆會在此桌面上對固定不動的質心 CM 作簡諧運動，則 M 作簡諧運動的振幅為何？
exam-1764853978216,114復興高中,1,114,復興高中,114復興高中-物理-試題.pdf,q-1764853978254-23,24,Electromagnetism,Medium,0,Verified,images/114_復興高中_114復興高中_物理_試題_q24_problem.webp,images/114_復興高中_114復興高中_物理_試題_q24_answer.webp,,,"有一長為 a、寬為 w 的線圈其電阻為 R,施一外力 F 使其以等速度 v 通過 一範圍為 d(d > a)的均勻磁場 B,磁場的方向為垂直射入紙面,如圖所示。在時間 t = 0 時,線圈恰接觸磁場的邊緣。若欲使線圈等速度完全通過磁場,全程外力 F 需施給線圈至少多大衝量?"
exam-1764853978216,114復興高中,1,114,復興高中,114復興高中-物理-試題.pdf,q-1764853978254-24,25,Uncategorized,Medium,0,Verified,images/114_復興高中_114復興高中_物理_試題_q25_problem.webp,images/114_復興高中_114復興高中_物理_試題_q25_answer.webp,,,"設地球為均勻球體(質量M、半徑R),某質點(質量m)自地球表面以初速√gR、與上空鉛垂線夾角600射出。(g為地表重力加速度,不計空氣阻力與地球旋轉)求質點離地表之最高距離為多少?"
exam-1764853978216,114復興高中,1,114,復興高中,114復興高中-物理-試題.pdf,q-1764853978254-25,26,Education,Medium,0,Verified,images/114_復興高中_114復興高中_物理_試題_q26_problem.webp,,,,在教力學能守恆的時候，若有學生提問：「當物體往下掉，在不考慮阻力影響下，我們常會說物體的重力位能減少、動能增加，因此力學能守恆。但重力會作正功，力學能應該會增加呀？為什麼力學能會守恆？」 (1) 針對以上學生提問，在何處有觀念錯誤呢？(2 分) (2) 你會如何向學生說明，修正學生的觀念呢？(3 分)
exam-1764853978216,114復興高中,1,114,復興高中,114復興高中-物理-試題.pdf,q-1764853978254-26,27,Education,Medium,0,Verified,images/114_復興高中_114復興高中_物理_試題_q27_problem.webp,,,,"有些辦公室採用了單向玻璃,在白天室內的觀察A可看到室外的行人B,但是B看不到A。小華
在你的課堂中提出來這個現象,並且認為這個不就違反了光的可逆性了?身為老師的你會如何回
應呢?(5分)"
exam-1764771079071,114蘭陽女中,1,114,蘭陽女中,114蘭陽女中-物理-試題.pdf,q-1764771079109-0,1,Waves & Oscillations,Medium,0,Pending,images/114_蘭陽女中_114蘭陽女中_物理_試題_q1_problem.webp,images/114_蘭陽女中_114蘭陽女中_物理_試題_q1_answer.webp,,,如圖所示，兩質量均為 m 的木塊相疊後置於光滑無摩擦的水平面上。一彈力常數為 2k 的彈簧左側緊於左邊牆壁而彈簧右側緊於上方木塊；另一彈力常數為 k 的彈簧右側緊於右邊牆壁而彈簧左側緊於下方木塊。已知兩條彈簧目前皆處於原始長度的狀態下，又木塊間的靜摩擦係數為 μs，重力加速度為 g。今將兩木塊同時拉向一側後放手，使之作水平簡諧運動。試求兩木塊沒有產生相對運動的最大振幅為何？ (請以題目給定的符號表示答案)
exam-1764771079071,114蘭陽女中,1,114,蘭陽女中,114蘭陽女中-物理-試題.pdf,q-1764771079109-1,2,Mechanics,Medium,0,Pending,images/114_蘭陽女中_114蘭陽女中_物理_試題_q2_problem.webp,images/114_蘭陽女中_114蘭陽女中_物理_試題_q2_answer.webp,,,將質量 1kg 的球由距地面高度 5 公尺處水平拋出，已知初速為 10 公尺/秒，拋出後 2 秒著地，球著地時速度也為 10 公尺/秒，其方向與水平地面夾角為 37°，重力加速度為 10 公尺/秒²。試求由拋出至落地期間，空氣阻力對球的衡量量值為何？
exam-1764771079071,114蘭陽女中,1,114,蘭陽女中,114蘭陽女中-物理-試題.pdf,q-1764771079109-2,3,Mechanics,Medium,0,Pending,images/114_蘭陽女中_114蘭陽女中_物理_試題_q3_problem.webp,images/114_蘭陽女中_114蘭陽女中_物理_試題_q3_answer.webp,,,如圖所示，有兩個質量皆為 m 的小球 A、B，分別固定在一根 L 型的輕質剛性桿的兩端，其中桿子的直角處以樞紐固定於牆上，使得此桿能以直角處為支點在鉛直平面擺動。已知桿的水平段長度為 D，鉛直段長度為 3D，重力加速度為 g。則當此桿由如圖的位置釋放後，鉛直桿向右擺動的最大角度為 θ，試求 tanθ 為何？
exam-1764771079071,114蘭陽女中,1,114,蘭陽女中,114蘭陽女中-物理-試題.pdf,q-1764771079109-3,4,Mechanics,Medium,0,Verified,images/114_蘭陽女中_114蘭陽女中_物理_試題_q4_problem.webp,images/114_蘭陽女中_114蘭陽女中_物理_試題_q4_answer.webp,,,質量為 m 的小球在水平面上衝向一個半徑為 R 之粗糙鉛直半圓軌道。若通過 A 點時小球所受的正向力為 8mg，沿著軌道轉過半個圓周，達最高點 B 時所受的正向力恰好為零。試問小球由 A 點運動至 B 點的力學能變化為何？ (請以題目給定的符號表示答案)
exam-1764771079071,114蘭陽女中,1,114,蘭陽女中,114蘭陽女中-物理-試題.pdf,q-1764771079109-4,5,Thermodynamics,Medium,0,Verified,images/114_蘭陽女中_114蘭陽女中_物理_試題_q5_problem.webp,images/114_蘭陽女中_114蘭陽女中_物理_試題_q5_answer.webp,,,假如有一群分子共有 12 個，其中速率 1 m/s 有 4 個，速率 3 m/s 有 6 個，速率 5m/s 有 2 個，則此群氣體分子之方均根速率 Vrms 為何？
exam-1764771079071,114蘭陽女中,1,114,蘭陽女中,114蘭陽女中-物理-試題.pdf,q-1764771079109-5,6,Waves & Oscillations,Medium,0,Verified,images/114_蘭陽女中_114蘭陽女中_物理_試題_q6_problem.webp,images/114_蘭陽女中_114蘭陽女中_物理_試題_q6_answer.webp,,,"如圖,A、B 為水波槽中兩同相振動的點波源,發出水波的波長為 4 cm,由 P 沿 PA 射線,第一次見到腹線的位置距 P 點多遠?"
exam-1764771079071,114蘭陽女中,1,114,蘭陽女中,114蘭陽女中-物理-試題.pdf,q-1764771079109-6,7,Optics,Medium,0,Verified,images/114_蘭陽女中_114蘭陽女中_物理_試題_q7_problem.webp,images/114_蘭陽女中_114蘭陽女中_物理_試題_q7_answer.webp,,,"某人明視距離為 28cm , 使用焦距為 6.0cm 之放大鏡看報紙時 , 眼睛與放大鏡相距 10cm , 則此人所看到報紙上字的像為實際的幾倍?"
exam-1764771079071,114蘭陽女中,1,114,蘭陽女中,114蘭陽女中-物理-試題.pdf,q-1764771079109-7,8,Electromagnetism,Medium,0,Verified,images/114_蘭陽女中_114蘭陽女中_物理_試題_q8_problem.webp,images/114_蘭陽女中_114蘭陽女中_物理_試題_q8_answer.webp,,,有 A、B 兩個點電荷質量分別為 2m 與 m，相距為 d 時，互斥之電力為 f，此二電荷自靜止釋放。當相距 3d 時，B 的速率為何？ (請以題目給定的符號表示答案)
exam-1764771079071,114蘭陽女中,1,114,蘭陽女中,114蘭陽女中-物理-試題.pdf,q-1764771079109-8,9,Electromagnetism,Medium,0,Verified,images/114_蘭陽女中_114蘭陽女中_物理_試題_q9_problem.webp,images/114_蘭陽女中_114蘭陽女中_物理_試題_q9_answer.webp,,,"兩個螺線管的外形(斷面和管長相等)一樣，且各用不同粗細(斷面半徑各為 r1 , r2)及不同匝數(N1 及 N2)，但同一質料的銅線繞成。已知各線圈消耗的電功率相同，則管內的磁場強度比為何？"
exam-1764771079071,114蘭陽女中,1,114,蘭陽女中,114蘭陽女中-物理-試題.pdf,q-1764771079109-9,10,Modern Physics,Medium,0,Verified,images/114_蘭陽女中_114蘭陽女中_物理_試題_q10_problem.webp,images/114_蘭陽女中_114蘭陽女中_物理_試題_q10_answer.webp,,,A、B 兩種放射性元素半生期分別為 TA 及 TB，開始 t=0 時，兩者質量比為 2 : 1，則經過 t 時間後兩者的質量會相等，則 t 為何？
exam-1764771079071,114蘭陽女中,1,114,蘭陽女中,114蘭陽女中-物理-試題.pdf,q-1764771079109-10,11,Waves & Oscillations,Medium,0,Verified,images/114_蘭陽女中_114蘭陽女中_物理_試題_q11_problem.webp,images/114_蘭陽女中_114蘭陽女中_物理_試題_q11_answer.webp,,,設一質點作簡諧運動，其振幅為 R，最大加速度量值為 a，若由平衡點算起，則 1/2 週期內的平均加速度值為何？
exam-1764771079071,114蘭陽女中,1,114,蘭陽女中,114蘭陽女中-物理-試題.pdf,q-1764771079109-11,12,Thermodynamics,Medium,0,Verified,images/114_蘭陽女中_114蘭陽女中_物理_試題_q12_problem.webp,images/114_蘭陽女中_114蘭陽女中_物理_試題_q12_answer.webp,,,設地球的半徑為 R(m)，空氣分子要逃離地球表面的溫度至少要上升到 T(K)，即分子動能達到平均動能，已知氣體分子常數為 k(J/mol · K)，則一個空氣分子的平均重量為多少 N？(請用 k、T、R 及數字表示，假設空氣分子可視為理想氣體)
exam-1764771079071,114蘭陽女中,1,114,蘭陽女中,114蘭陽女中-物理-試題.pdf,q-1764771079109-12,13,Optics,Medium,0,Verified,images/114_蘭陽女中_114蘭陽女中_物理_試題_q13_problem.webp,images/114_蘭陽女中_114蘭陽女中_物理_試題_q13_answer.webp,,,如圖，一圓柱形透明物質，一光線以 60°之入射角由空氣入射，經兩次折射後，其偏向角為 60°，則該透明物質之折射率為多少？
exam-1764771079071,114蘭陽女中,1,114,蘭陽女中,114蘭陽女中-物理-試題.pdf,q-1764771079109-13,14,Modern Physics,Medium,0,Verified,images/114_蘭陽女中_114蘭陽女中_物理_試題_q14_problem.webp,images/114_蘭陽女中_114蘭陽女中_物理_試題_q14_answer.webp,,,設一中子 (質量 m) 之動量與一光子之動量相等，則中子動能與光子能量之比值為何？ (中子動量為 p，光速為 c)
exam-1764771079071,114蘭陽女中,1,114,蘭陽女中,114蘭陽女中-物理-試題.pdf,q-1764771079109-14,15,Circuit,Medium,0,Verified,images/114_蘭陽女中_114蘭陽女中_物理_試題_q15_problem.webp,images/114_蘭陽女中_114蘭陽女中_物理_試題_q15_answer.webp,,,圖中各電阻皆為 20 Ω，則 P、Q 兩點間之等效電阻為多少 Ω？
exam-1764771079071,114蘭陽女中,1,114,蘭陽女中,114蘭陽女中-物理-試題.pdf,q-1764771079109-15,16,Electromagnetism,Medium,0,Verified,images/114_蘭陽女中_114蘭陽女中_物理_試題_q16_problem.webp,images/114_蘭陽女中_114蘭陽女中_物理_試題_q16_answer.webp,,,導線OA長ℓ放在均勻磁場B中，以等角速度ω繞O端沿圓錐面轉動，如圖所示，則導線兩端電動勢量值為____。
exam-1764771079071,114蘭陽女中,1,114,蘭陽女中,114蘭陽女中-物理-試題.pdf,q-1764771079109-16,17,Modern Physics,Medium,0,Verified,images/114_蘭陽女中_114蘭陽女中_物理_試題_q17_problem.webp,images/114_蘭陽女中_114蘭陽女中_物理_試題_q17_answer.webp,,,以波長 5000 Å 之單色光垂直照射在一光電管之靶材上，光之強度為 100 J/m² · s；假定每個光子擊出一個光電子，且所有電子皆可收集，而靶材受光照射面積為 2.5 × 10⁻³ m²，則光電流約為 _____ A。
exam-1764771079071,114蘭陽女中,1,114,蘭陽女中,114蘭陽女中-物理-試題.pdf,q-1764771079109-17,18,Electromagnetism,Medium,0,Verified,images/114_蘭陽女中_114蘭陽女中_物理_試題_q18_problem.webp,images/114_蘭陽女中_114蘭陽女中_物理_試題_q18_answer.webp,,,"如圖, 質量為 m、電量為 -e 的電子, 在 P 點處以速率 v₀ 射入帶電平行板 (兩板間的電壓為 V), 而在 Q 點處離開帶電平行板。已知該電子通過帶電平行板時, 其偏向角為 θ, 若不計重力, 則電子的荷質比為________。"
exam-1764771079071,114蘭陽女中,1,114,蘭陽女中,114蘭陽女中-物理-試題.pdf,q-1764771079109-18,19,Mechanics,Medium,0,Verified,images/114_蘭陽女中_114蘭陽女中_物理_試題_q19_problem.webp,images/114_蘭陽女中_114蘭陽女中_物理_試題_q19_answer.webp,,,在一個斜角 θ = 37° 之光滑斜面上放置一個質量為 M 之平臺，而平臺上另有一個質量為 m 之物體。當平臺自斜面頂自由滑下時，物體與平臺保持相對靜止，如圖所示，重力加速度量值為 g，則平臺給物體的作用力為 ______ mg。
exam-1764771079071,114蘭陽女中,1,114,蘭陽女中,114蘭陽女中-物理-試題.pdf,q-1764771079109-19,20,Thermodynamics,Medium,0,Verified,images/114_蘭陽女中_114蘭陽女中_物理_試題_q20_problem.webp,images/114_蘭陽女中_114蘭陽女中_物理_試題_q20_answer.webp,,,在一絕熱容器中分成兩個氣室，兩氣室分別裝有 A 及 B 兩種莫耳數相等的理想單原子氣體，其壓力與溫度分別為 P_A、T_A 及 P_B、T_B。現將兩氣室打通，讓 A、B 兩氣體混合，則混合後氣體的平衡壓力為__________。
exam-1764771079071,114蘭陽女中,1,114,蘭陽女中,114蘭陽女中-物理-試題.pdf,q-1764771079109-20,21,Modern Physics,Medium,0,Verified,images/114_蘭陽女中_114蘭陽女中_物理_試題_q21_problem.webp,images/114_蘭陽女中_114蘭陽女中_物理_試題_q21_answer.webp,,,氫原子由 n=2 能階躍遷到 n=1 的能階，發射光子的能量為 E，則 He⁺ 中電子於基態時之位能為______E。
exam-1764771079071,114蘭陽女中,1,114,蘭陽女中,114蘭陽女中-物理-試題.pdf,q-1764771079109-21,22,Mechanics,Medium,0,Verified,images/114_蘭陽女中_114蘭陽女中_物理_試題_q22_problem.webp,images/114_蘭陽女中_114蘭陽女中_物理_試題_q22_answer.webp,,,一單擺長為 l，擺錘質量為 m。今將擺錘拉至與鉛直線夾 60°角的位置，如圖所示，自靜止放開，與質量 2m 靜止於光滑桌面之小球作正面碰撞，撞後合為一體，則擺錘與小球撞後瞬間，擺線的張力為何？
exam-1764771079071,114蘭陽女中,1,114,蘭陽女中,114蘭陽女中-物理-試題.pdf,q-1764771079109-22,23,Electromagnetism,Medium,0,Verified,images/114_蘭陽女中_114蘭陽女中_物理_試題_q23_problem.webp,images/114_蘭陽女中_114蘭陽女中_物理_試題_q23_answer.webp,,,一正方形線圈邊長為 a，電阻為 R，以等速 v 通過一與此線圈面垂直的磁場區域，此區域有二部分寬度均為 a 的均勻磁場，磁場之量值均為 B；左半邊磁場方向為進入紙面，右半邊為射出紙面，如圖所示，求：線圈從進入磁場至完全離開磁場，電阻 R 總共產生熱量若干？
exam-1764771079071,114蘭陽女中,1,114,蘭陽女中,114蘭陽女中-物理-試題.pdf,q-1764771079109-23,24,Mechanics,Medium,0,Verified,images/114_蘭陽女中_114蘭陽女中_物理_試題_q24_problem.webp,images/114_蘭陽女中_114蘭陽女中_物理_試題_q24_answer.webp,,,在水平地面上，以不可伸長的細繩繞過定滑輪，將質量分別為 m1、m2 的上、下兩個均質箱子連接如圖。已知重力加速度為 g，細繩與滑輪之間無摩擦力，且其質量均可忽略，下箱之上、下表面的動摩擦係數皆為 μ，若下箱受到水平拉力 F 時，兩箱不轉動，均以等速度水平移動，則下列敘述哪些正確？(A)地面施於下箱的正向力為 (m1 + m2)g (B)施於下箱的水平拉力 F = μ(3m1 + m2)g (C)所有作用於上箱的水平力所產生的力矩為零 (D)所有作用於上箱的垂直力所產生的力矩為零 (E)右邊支架施予滑輪的水平力量值 F'，一定小於 F
exam-1764771079071,114蘭陽女中,1,114,蘭陽女中,114蘭陽女中-物理-試題.pdf,q-1764771079109-24,25,Electromagnetism,Medium,0,Verified,images/114_蘭陽女中_114蘭陽女中_物理_試題_q25_problem.webp,images/114_蘭陽女中_114蘭陽女中_物理_試題_q25_answer.webp,,,使用感應電流大小以測量手掌張合速度的偵測器：在空心軟橡膠直筒中間置 1000 圈半徑為 2.1cm 的導電圓環迴路，且在直筒兩端各置一磁鐵，產生 4.0×10⁻² T 的均勻磁場垂直通過導電圓環平面。當右手掌心朝上、手指緊握橫放的橡膠筒時，磁場方向朝右，以右手壓縮橡膠筒，如圖所示（含條紋之箭頭代表施力方向）。若在 1.0s 間導電圓環半徑收縮為 1.9cm，則下列敘述哪些正確？(A)導電圓環未被壓縮時每圈的初始磁通量為 8.0π×10⁻⁶ T m²(B)導電圓環每圈的面積時變率為 8.0π×10⁻⁵ m²/s(C)導電圓環每圈的磁通量時變率為 1.6π×10⁻⁶ T m²/s(D)導電圓環迴路的感應電動勢量值為 3.2π×10⁻³ V(E)導電圓環迴路的感應電流方向與手抓握橡膠筒的四指彎曲方向相同
exam-1765096871961,114 桃園陽明高中,1,114,桃園陽明高中,114桃園陽明高中-物理-試題.pdf,q-1765096872000-0,1,Optics,Medium,0,Verified,images/114_桃園陽明高中_114桃園陽明高中_物理_試題_q1_problem.webp,images/114_桃園陽明高中_114桃園陽明高中_物理_試題_q1_answer.webp,,,"如圖，空氣($n=1$)中放一個半徑為 $R$、折射率 $n>1$ 的玻璃球，兩細光束相距 $d<2R$ 的平行光線相對球心對稱地射到球上，且兩細光束與球心共平面。試問：為使兩細光束在球內有實交點，則 $n$ 至少多少 ______。(答案以 $d$、$R$ 表示)

為使兩細光束對任何 $d$ 值 ($0 < d < 2R$) 均在球外有實交點，則 $n$ 的範圍為 ______ 。 (不需考慮等號!)"
exam-1765096871961,114 桃園陽明高中,1,114,桃園陽明高中,114桃園陽明高中-物理-試題.pdf,q-1765096872000-2,2,Electromagnetism,Medium,0,Verified,images/114_桃園陽明高中_114桃園陽明高中_物理_試題_q2_problem.webp,images/114_桃園陽明高中_114桃園陽明高中_物理_試題_q2_answer.webp,,,"題組二 荷電量分別為 $+9Q$ 和 $+Q$ 之二點電荷，固定在相距 $2d$ 之 $A$、$B$ 二點，今另取一荷電 $+q$ 之點電荷，在二者連線中點 $O$ 靜止釋放，則: 點電荷 $+q$ 運動的最大動能 ______。

$+q$ 距 $B$ 點最近為 ______ $^\circ$"
exam-1765096871961,114 桃園陽明高中,1,114,桃園陽明高中,114桃園陽明高中-物理-試題.pdf,q-1765096872000-4,3,Mechanics,Medium,0,Verified,images/114_桃園陽明高中_114桃園陽明高中_物理_試題_q3_problem.webp,images/114_桃園陽明高中_114桃園陽明高中_物理_試題_q3_answer.webp,,,"題組三 有一質量為 $M$、半徑為 $R$，中間無凹槽的圓盤溜溜球。令環繞此圓盤溜溜球的繩線繞過釘在牆上的光滑圓柱，且在繩線的下端掛有另一質量為 $m$ 的物體，如圖所示。由靜止鬆手後：(重力加速度為 $g$) 求繩線上的張力 ______。

求溜冰鞋的加速度大小______$\\circ$

求兩物質量關係 $M=$ ______ m 時, m 恰可靜止不動。

若固定圓柱並非光滑，繩線與圓柱間有摩擦，其靜摩擦係數為 $\mu$。試求質量 $m$ 的物體能維持靜止不動的條件______。"
exam-1765096871961,114 桃園陽明高中,1,114,桃園陽明高中,114桃園陽明高中-物理-試題.pdf,q-1765096872000-8,4,Thermodynamics,Medium,0,Verified,images/114_桃園陽明高中_114桃園陽明高中_物理_試題_q4_problem.webp,images/114_桃園陽明高中_114桃園陽明高中_物理_試題_q4_answer.webp,,,由實驗得知：一物體吸收或放出熱量的時變率 $\frac{dQ}{dt}$，和該物體溫度 $T$ 與環境溫度 $T_o$ 的溫差成正比。即 $\frac{dQ}{dt} \propto -(T-T_o)$。已知一置於室溫為 $300K$ 的某物體，自初溫 $360K$ 降至 $330K$，需時 $10$ 分鐘，則此物體繼續自 $330K$ 降至 $315K$ 需時 ______ 分鐘
exam-1765096871961,114 桃園陽明高中,1,114,桃園陽明高中,114桃園陽明高中-物理-試題.pdf,q-1765096872000-9,5,Uncategorized,Medium,0,Verified,images/114_桃園陽明高中_114桃園陽明高中_物理_試題_q5_problem.webp,images/114_桃園陽明高中_114桃園陽明高中_物理_試題_q5_answer.webp,,,求 $T-t$ 的函數式______
exam-1765096871961,114 桃園陽明高中,1,114,桃園陽明高中,114桃園陽明高中-物理-試題.pdf,q-1765096872000-10,6,Mechanics,Medium,0,Verified,images/114_桃園陽明高中_114桃園陽明高中_物理_試題_q6_problem.webp,images/114_桃園陽明高中_114桃園陽明高中_物理_試題_q6_answer.webp,,,如圖，轉動慣量 $I = \frac{MR^2}{2}$ 、可繞固定之輪心旋轉的輪軸，其內、外半徑各為 $r$ 及 $R$，摩擦及繩重均不計，彈簧的力常數為 $k$，今拉下 $m$ 使其作鉛直簡諧運動，求其振動的週期為何？(重力加速度為 $g$)
exam-1765096871961,114 桃園陽明高中,1,114,桃園陽明高中,114桃園陽明高中-物理-試題.pdf,q-1765096872000-11,7,Mechanics,Medium,0,Verified,images/114_桃園陽明高中_114桃園陽明高中_物理_試題_q7_problem.webp,images/114_桃園陽明高中_114桃園陽明高中_物理_試題_q7_answer.webp,,,在光滑的水平冰面上，放一質量 $M$、長 $l$ 的木板，木板的一端有一質量為 $m$ 的小貓。試問：從木板的這端跳到另一端，小貓相對冰的最小速度應是多少？
exam-1765096871961,114 桃園陽明高中,1,114,桃園陽明高中,114桃園陽明高中-物理-試題.pdf,q-1765096872000-12,8,Circuit,Medium,0,Verified,images/114_桃園陽明高中_114桃園陽明高中_物理_試題_q8_problem.webp,images/114_桃園陽明高中_114桃園陽明高中_物理_試題_q8_answer.webp,,,如圖所示，試問圖中 A 和 B 兩點間的等效電阻為多少歐姆？
exam-1765096871961,114 桃園陽明高中,1,114,桃園陽明高中,114桃園陽明高中-物理-試題.pdf,q-1765096872000-13,9,Waves & Oscillations,Medium,0,Verified,images/114_桃園陽明高中_114桃園陽明高中_物理_試題_q9_problem.webp,images/114_桃園陽明高中_114桃園陽明高中_物理_試題_q9_answer.webp,,,如圖所示，一聲源S在靜止時發出波長$\lambda_0$之聲波，當其以速度$v$朝向一長度$L$的兩端開口的空心管移動時，可在管內形成5個波節之駐波；而當聲源S反向以同速率飛離該管時，可在管內形成3個波節之駐波。試求出管長$L$與波長$\lambda_0$的關係式為何?
exam-1765096871961,114 桃園陽明高中,1,114,桃園陽明高中,114桃園陽明高中-物理-試題.pdf,q-1765096872000-14,10,Mechanics,Medium,0,Verified,images/114_桃園陽明高中_114桃園陽明高中_物理_試題_q10_problem.webp,images/114_桃園陽明高中_114桃園陽明高中_物理_試題_q10_answer.webp,,,"四塊長為L, 質量相同的均質木塊, 堆疊在桌緣, 如圖所示, 則在平衡狀況下, 圖中d的最大值為何?"
exam-1765096871961,114 桃園陽明高中,1,114,桃園陽明高中,114桃園陽明高中-物理-試題.pdf,q-1765096872000-15,11,Optics,Medium,0,Verified,images/114_桃園陽明高中_114桃園陽明高中_物理_試題_q11_problem.webp,images/114_桃園陽明高中_114桃園陽明高中_物理_試題_q11_answer.webp,,,一深 20 公分之水箱，水的折射率為$\frac{4}{3}$，底部為一面鏡子，且鏡子為焦距 6 公分之凹面鏡。有一小光源靜懸於水面下 12 公分，如果由水面上垂直下視，可見光源成像於水面幾公分處？(需回答水面上或是水面下)
exam-1765096871961,114 桃園陽明高中,1,114,桃園陽明高中,114桃園陽明高中-物理-試題.pdf,q-1765096872000-16,12,Waves & Oscillations,Medium,0,Verified,images/114_桃園陽明高中_114桃園陽明高中_物理_試題_q12_problem.webp,images/114_桃園陽明高中_114桃園陽明高中_物理_試題_q12_answer.webp,,,如圖所示，兩質量分別為 $m_1$ 和 $m_2$ 的物體，吊掛於一質量為 $M$ 的滑輪上，並在滑輪上安裝一彈簧，其彈力常數為 $k$。假設彈簧和細繩質量可忽略，且不計摩擦力，在滑輪上下振動的期間，兩物體不會和滑輪碰撞，試問此系統的振動週期為何？
exam-1765096871961,114 桃園陽明高中,1,114,桃園陽明高中,114桃園陽明高中-物理-試題.pdf,q-1765096872000-17,13,Astrophysics,Medium,0,Verified,images/114_桃園陽明高中_114桃園陽明高中_物理_試題_q13_problem.webp,images/114_桃園陽明高中_114桃園陽明高中_物理_試題_q13_answer.webp,,,如圖所示，行星繞太陽運行，半長軸為 $a$，行星與太陽最近的距離為 $0.5a$。若行星在通過太陽與長軸垂直的直線上之 $P$ 點時速率為 $v_1$，行星在遠日點時速率為 $v_2$，試問 $v_1$ 和 $v_2$ 的比值為何？
exam-1765096871961,114 桃園陽明高中,1,114,桃園陽明高中,114桃園陽明高中-物理-試題.pdf,q-1765096872000-18,14,Mechanics,Medium,0,Verified,images/114_桃園陽明高中_114桃園陽明高中_物理_試題_q14_problem.webp,images/114_桃園陽明高中_114桃園陽明高中_物理_試題_q14_answer.webp,,,直徑為 $10$ 公分的圓板 A 向右以 $13$ 公尺 / 秒的速度向右彈性碰撞直徑為 $16$ 公分的靜止圓板 B，兩板厚度相同，B 的質量為 A 的 $3$ 倍，撞擊點的相對位置如圖所示，直線為 B 的直徑延伸不計任何的摩擦，求撞擊後 A 球的速度大小為多少公尺 / 秒?
exam-1765096871961,114 桃園陽明高中,1,114,桃園陽明高中,114桃園陽明高中-物理-試題.pdf,q-1765096872000-19,15,Mechanics,Medium,0,Verified,images/114_桃園陽明高中_114桃園陽明高中_物理_試題_q15_problem.webp,images/114_桃園陽明高中_114桃園陽明高中_物理_試題_q15_answer.webp,,,如圖所示，在光滑的水平桌面上，置有一長度為 $L$，且質量可以忽略的細桿，質量為 $m$ 和 $2m$ 的質點固定在兩端，另一質量為 $m$ 的質點沿垂直於細桿方向入射，以速度 $V$ 撞擊 $2m$ 的質點。若該入射的質點和被撞擊的質點在碰撞後合而為一，則當碰撞後的瞬間，細桿中點相對於桌面的速度大小為何？
exam-1765096871961,114 桃園陽明高中,1,114,桃園陽明高中,114桃園陽明高中-物理-試題.pdf,q-1765096872000-20,16,Optics,Medium,0,Verified,images/114_桃園陽明高中_114桃園陽明高中_物理_試題_q16_problem.webp,images/114_桃園陽明高中_114桃園陽明高中_物理_試題_q16_answer.webp,,,在半導體元件的生產中，為了測定矽片上的 $\text{SiO}_2$ 薄膜厚度，會將 $\text{SiO}_2$ 薄膜磨成楔形，如圖所示，在空氣中以波長 $\lambda=550$ 奈米的光線從上方垂直照射。已知 $\text{SiO}_2$ 的折射率約為 $1.5$，矽片的折射率為 $3.42$，矽片長為 $6$ 公分，若觀察到 $\text{SiO}_2$ 薄膜上每公分呈現 $4$ 條暗紋，則 $\text{SiO}_2$ 薄膜的最大厚度是多少公分？
exam-1765096871961,114 桃園陽明高中,1,114,桃園陽明高中,114桃園陽明高中-物理-試題.pdf,q-1765096872000-21,17,Mechanics,Medium,0,Verified,images/114_桃園陽明高中_114桃園陽明高中_物理_試題_q17_problem.webp,images/114_桃園陽明高中_114桃園陽明高中_物理_試題_q17_answer.webp,,,考慮一個斜角為 $\theta = 45^\circ$ 的極長斜坡，如圖所示，有一質點鉛質落下，撞擊斜坡的速率為 $V_0$。假設粒子與斜坡的撞擊為完全彈性碰撞，且粒子和斜坡表面無摩擦力，重力加速度為 $g$。撞擊後的彈起落下，又與斜坡撞擊，如此一直進行，試問第六次撞擊的撞擊點和第一次撞擊點間的距離為何?
exam-1765096871961,114 桃園陽明高中,1,114,桃園陽明高中,114桃園陽明高中-物理-試題.pdf,q-1765096872000-22,18,Mechanics,Medium,0,Verified,images/114_桃園陽明高中_114桃園陽明高中_物理_試題_q18_problem.webp,images/114_桃園陽明高中_114桃園陽明高中_物理_試題_q18_answer.webp,,,如圖所示，在水平面上有一個光滑的輕質L形支架，其$A$端用細繩$AB$懸掛一個重量為$W$，半徑為$R$的球，且$AB=CD=R$，為了使系統靜力平衡，施加於$D$點鉛質向下的力量至少要多大？
exam-1765098556860,114 高雄女中,1,114,高雄女中,114高雄女中-物理-試題.pdf,q-1765098556885-0,1,Mechanics,Medium,0,Verified,images/114_高雄女中_114高雄女中_物理_試題_q1_problem.webp,,,,將一小球鉛直上拋，已知小球出發的速率為落回原處速率的 $3$ 倍，且飛行過程中所受的空氣阻力為定值，試求此時小球上升最大高度為不計空氣阻力情況下的______倍。
exam-1765098556860,114 高雄女中,1,114,高雄女中,114高雄女中-物理-試題.pdf,q-1765098556885-1,2,Waves & Oscillations,Medium,0,Verified,images/114_高雄女中_114高雄女中_物理_試題_q2_problem.webp,,,,如圖所示，彈簧的彈性常數為 $k$，不計繩子與動滑輪的質量、摩擦力，滑輪左側繩子一端固定於地面，右側繩子懸掛一質量 $m$ 之木塊，今於 $m$ 靜止平衡時，將其往下拉一小段距離後自靜止釋放，則當木塊 $m$ 作簡諧運動時，其振盪週期為 ______。
exam-1765098556860,114 高雄女中,1,114,高雄女中,114高雄女中-物理-試題.pdf,q-1765098556885-2,3,Mechanics,Medium,0,Verified,images/114_高雄女中_114高雄女中_物理_試題_q3_problem.webp,,,,在光滑地板上，質量為 $2m$ 的靜止均勻長木板上擺放著一個質量為 $3m$ 的靜止均勻木塊，木塊發生爆炸，左塊質量 $m$ 以初速 $2v$ 水平摩擦木板經 $1$ 秒後，以 $1.6v$ 的速度離開左端，右端經 $2$ 秒離開木板，此時長木板滑行的速度為 ______。假設爆炸不損質量。
exam-1765098556860,114 高雄女中,1,114,高雄女中,114高雄女中-物理-試題.pdf,q-1765098556885-3,4,Modern Physics,Medium,0,Verified,images/114_高雄女中_114高雄女中_物理_試題_q4_problem.webp,,,,"一電子在均勻且不隨時間變化的磁場 $B$ 內，垂直於磁場而運動。若電子之質量為 $m$，其帶電量的量值為 $e$，則若此電子的運動遵循波耳對氫原子結構的假設，角動量 $L=nrac{h}{2 	ext{π}}$ ($n$ 為量子數)，則電子可被允許的動能值為 ______。"
exam-1765098556860,114 高雄女中,1,114,高雄女中,114高雄女中-物理-試題.pdf,q-1765098556885-4,5,Mechanics,Medium,0,Verified,images/114_高雄女中_114高雄女中_物理_試題_q5_problem.webp,,,,擺錘質量為 $0.3 \text{ kg}$，繫在繩長 $2 \text{ m}$ 的一端，另一端固定。偏移 $\theta$ 後靜止釋放擺錘，每次來回擺動一次的時間為 $16/3 \text{ s}$，擺錘在最低點時速率為 $10 \text{ m/s}$，$g=10 \text{ m/s}^2$，試問擺錘從左邊最高點到最低點的過程中，繩子張力對擺錘所作的衝量量值為 ______ $\text{N}$。
exam-1765098556860,114 高雄女中,1,114,高雄女中,114高雄女中-物理-試題.pdf,q-1765098556885-5,6,Modern Physics,Medium,0,Verified,images/114_高雄女中_114高雄女中_物理_試題_q6_problem.webp,,,,若氫原子核質量與電量均變3倍，電子質量與電量均變2倍，則波耳氫原子模型能階公式變幾倍？請把推導過程寫出來 (5 分)
exam-1765098556860,114 高雄女中,1,114,高雄女中,114高雄女中-物理-試題.pdf,q-1765098556885-6,7,Mechanics,Medium,0,Verified,images/114_高雄女中_114高雄女中_物理_試題_q7_problem.webp,,,,(1) 請寫出高中課程角動量章節上課講解的物理名詞與概念。(課綱內即可) (5 分) (2) 請寫出陀螺進動的方程式與解，並說明如何盡量以高中生能懂得想法上解釋陀螺進動。(5 分)
exam-1765098556860,114 高雄女中,1,114,高雄女中,114高雄女中-物理-試題.pdf,q-1765098556885-7,8,Optics,Medium,0,Verified,images/114_高雄女中_114高雄女中_物理_試題_q8_problem.webp,,,,左下圖顯示了一個曲率半徑$R$的透鏡放置在平坦玻璃板上，並且從上方以波長$\lambda$的光線照射之。右下圖(從透鏡上方拍照的照片)顯示，隨著在透鏡和平板玻璃之間的空氣膜厚度$d$的變化，出現了圓形干涉條紋(稱為牛頓環)。假設$r/R \ll 1$，試求各干涉亮紋半徑$r$為何？
exam-1765098556860,114 高雄女中,1,114,高雄女中,114高雄女中-物理-試題.pdf,q-1765098556885-8,9,Optics,Medium,0,Verified,images/114_高雄女中_114高雄女中_物理_試題_q9_problem.webp,,,,圖中的P表示一道平行光束的波前，$F$代表厚度為$d$的長方型透明薄膜，其折射率為$n$。設薄膜的寬度$L$比光波波長$\lambda$(真空中之值)大得多。(1) 設圖中的$P$與$S$間之距離為$D$，則經過薄膜的光波由$P$到$S$所費的時間是此光週期的幾倍？(3分)(2) 在一個楊格(楊氏)雙狹縫實驗裝置中，狹縫間的距離$a$為真空中之波長的$300$倍。請估計第$12$條亮紋與狹縫中央的連線與狹縫法線之夾角$\theta$，其$\sin\theta$為何？(2分)(3) 以折射率為$n$的薄膜蓋住上述狹縫之一。此時的中央亮紋位先前第$12$條亮紋處。設$n=1.6$，$\lambda=650\text{nm}$，試求薄膜的厚度。(5分)
exam-1765098556860,114 高雄女中,1,114,高雄女中,114高雄女中-物理-試題.pdf,q-1765098556885-9,10,Electromagnetism,Medium,0,Verified,images/114_高雄女中_114高雄女中_物理_試題_q10_problem.webp,,,,一絕緣線 ABCDEF 被彎成如圖之形狀其中 ABC 面與 DEF 面平行。另一表面部分有均勻電荷 $+q$ 的絕緣直線段 $\overline{GH}$，質量為 $m$，兩端各被彎)套在 $\overline{CB}$ 及 $\overline{DE}$ 兩線段上。圖環與 $\overline{CB}$ 及 $\overline{DE}$ 線段的間隙很小，且滑動摩擦係數為 $\mu$。今將此系統置於一均勻磁場 $\vec{B}$ 中，$\vec{B}$ 的方向垂直於 ABC 及 DEF 面，且從 ABC 面指向 DEF 面。假設 $\overline{GH}$ 在接近線段 $\overline{CD}$ 處 (即線圈最高處)從靜止自由下 滑，且假設 $\overline{CB}$ 及 $\overline{DE}$ 線段的長度甚長，請問：(1)試畫出 $\overline{GH}$ 線段剛下滑不久的受力圖。(5分)(2)試求出 $\overline{GH}$ 線段的最大下滑速度。(5分)
exam-1765098556860,114 高雄女中,1,114,高雄女中,114高雄女中-物理-試題.pdf,q-1765098556885-10,11,Mechanics,Medium,0,Verified,images/114_高雄女中_114高雄女中_物理_試題_q11_problem.webp,,,,"有 $10$ 個相同的長方形木塊靜止且緊鄰的排列在一直線上，如圖所示。已知每個木塊質量均為 $0.4\text{ kg}$，長度均為 $0.5\text{ m}$，且木塊與地面的靜摩擦係數與動摩擦係數均為 $0.1$。在左邊第一個木塊左端上放置一個 $1\text{ kg}$ 的小方塊，此方塊與長方形木塊的動摩擦係數為 $0.2$。若突然給小方塊一個向右的初速度為 $4.3\text{ m/s}$，使其在木塊上滑行，則小方塊會落於地面上或停在第幾個木塊上？(木塊從左端數來分別為 $1, 2, 3 \cdots$ 號木塊；重力加速度為 $10\text{ m/s}^2$，小方塊當成質點)"
exam-1765098556860,114 高雄女中,1,114,高雄女中,114高雄女中-物理-試題.pdf,q-1765098556885-11,12,Mechanics,Medium,0,Verified,images/114_高雄女中_114高雄女中_物理_試題_q12_problem.webp,,,,如圖所示，有一質量 $M$ 的小車放置於光滑水平面上，小車左方有力常數為 $k$ 的水平輕彈簧，小車右方用最大張力為 $T$ 的輕繩繫在右邊的牆上。在車上有另一塊質量為 $m$ 的方塊以初速 $v_0$ 向左撞擊輕彈簧，若方塊與小車間並無摩擦力，則:(1) 初速 $v_0$ 至少要多大，右邊的輕繩會被拉斷？ (3分)(2) 如果線被拉斷，則小車的最大加速度為何？ (以 $v_0$ 和 $T$ 表示) (4分)(3) 若方塊滑離小車後對地的瞬間速度為 $0$，則初速 $v_0$ 應為何？ (3分)
exam-1765098556860,114 高雄女中,1,114,高雄女中,114高雄女中-物理-試題.pdf,q-1765098556885-12,13,Electromagnetism,Medium,0,Verified,images/114_高雄女中_114高雄女中_物理_試題_q13_problem.webp,,,,在空間中邊長為 $r$ 的正方形四個頂點位置上，分別放置四顆體積可忽略但材質相同的金屬球，分別編號為 $1$、$2$、$3$、$4$。首先讓 $1$ 號金屬球帶有 $+Q$ 的電量，接著用一根細金屬線一端固定於 $1$ 號球上，另一端依序與 $2$、$3$、$4$ 接觸後將金屬線拔離。如果每次接觸的時間都可達成靜電平衡，且金屬線上殘留的電量可忽略，試求最後 $1 acksim 4$ 號球的電量為何？ (每個球各 $2$ 分)
exam-1765098556860,114 高雄女中,1,114,高雄女中,114高雄女中-物理-試題.pdf,q-1765098556885-13,14,Electromagnetism,Medium,0,Verified,images/114_高雄女中_114高雄女中_物理_試題_q14_problem.webp,,,,"如圖, 有一個通有電流 $I$ 且半徑為 $R$ 的金屬圓線圈放置於 $xy$ 平面上且圓心通過 $z$ 軸, 此時在空間中加上以 $z$ 為對稱軸的磁場 $B$, 磁場處處與線圈垂直, 但與對稱軸夾有 $	heta$ 角, 試求此圓環所受的磁力值與方向。(5 分)"
exam-1765098556860,114 高雄女中,1,114,高雄女中,114高雄女中-物理-試題.pdf,q-1765098556885-14,15,Electromagnetism,Medium,0,Verified,images/114_高雄女中_114高雄女中_物理_試題_q15_problem.webp,,,,空間中有垂直出紙面的均勻磁場 $B$，有一個細金屬圓環以速度 $v$ 在水平平面上做純滾動。如果環上有一小段長度 $L$ 的缺口，且圓環的環面與磁場垂直，試問下圖瞬間，缺口兩端的電位差為何？
exam-1765090115299,114南湖高中,1,114,南湖高中,114南湖高中-物理-試題.pdf,q-1765090115339-0,1,Electromagnetism,Medium,0,Verified,images/114_南湖高中_114南湖高中_物理_試題_q1_problem.webp,images/114_南湖高中_114南湖高中_物理_試題_q1_answer.webp,,,原來靜止在均勻磁場中的一原子核，向左射出一質量 m、電量+q 的帶電粒子，剩餘原子核的質量 M、電量+2q。若 M = 4m，則下列哪一組的運動軌跡較合適？
exam-1765090115299,114南湖高中,1,114,南湖高中,114南湖高中-物理-試題.pdf,q-1765090115339-1,2,Optics,Medium,0,Verified,images/114_南湖高中_114南湖高中_物理_試題_q2_problem.webp,images/114_南湖高中_114南湖高中_物理_試題_q2_answer.webp,,,如圖所示，一束波長為λ的可見光平行光束，垂直通過一條寬度d=2λ的長條形狹縫後，在遠方螢幕C上形成繞射條紋。則螢幕C上出現的亮紋對O的張角與下列何者最為接近？(A)15°(B)30°(C)45°(D)60°(E)75°
exam-1765090115299,114南湖高中,1,114,南湖高中,114南湖高中-物理-試題.pdf,q-1765090115339-2,3,Optics,Medium,0,Verified,images/114_南湖高中_114南湖高中_物理_試題_q3_problem.webp,images/114_南湖高中_114南湖高中_物理_試題_q3_answer.webp,,,一光束以60°之入射角，射向厚度為2cm，折射率為 √3/2 之平行玻璃板，如圖所示，則最初射入的光線與最後射出的光線之間的距離為何(即橫向位移)？(A)(√6 - √2)cm(B)(√6 + √2)cm(C)(√5 - 1)cm(D)(√3 + 1)cm(E)((√3 - 1)/2)cm
exam-1765090115299,114南湖高中,1,114,南湖高中,114南湖高中-物理-試題.pdf,q-1765090115339-3,4,Mechanics,Medium,0,Verified,images/114_南湖高中_114南湖高中_物理_試題_q4_problem.webp,images/114_南湖高中_114南湖高中_物理_試題_q4_answer.webp,,,一個球體從高於斜坡H的位置垂直掉落到斜坡上，並反彈數次。斜坡的傾角為θ。假設球體與斜坡的碰撞為彈性碰撞。求第一次碰撞到第四次碰撞的落點之間的距離為下列何者？(A)3Hsinθ(B)24Hsinθ(C)30Hsinθ(D)36Hsinθ(E)48Hsinθ
exam-1765090115299,114南湖高中,1,114,南湖高中,114南湖高中-物理-試題.pdf,q-1765090115339-4,5,Mechanics,Medium,0,Verified,images/114_南湖高中_114南湖高中_物理_試題_q5_problem.webp,images/114_南湖高中_114南湖高中_物理_試題_q5_answer.webp,,,用一把剪刀，去剪一條圓截面的導線。導線先會向外滑動，直到剪刀之間的角度為2α，求剪刀和導線之間的摩擦係數為下列何者？(A)\sqrt{1 - \tan \alpha}(B)2cosα(C)2tanα(D)tanα(E)\sqrt{2\cos^2\alpha - 1}
exam-1765090115299,114南湖高中,1,114,南湖高中,114南湖高中-物理-試題.pdf,q-1765090115339-5,6,Mechanics,Medium,0,Verified,images/114_南湖高中_114南湖高中_物理_試題_q6_problem.webp,images/114_南湖高中_114南湖高中_物理_試題_q6_answer.webp,,,一個傾角為α的斜面底部有一小物塊。現給小物塊一個初速率，使它沿斜面向上滑動，經過時間t₁到達最高點，之後它又自動滑回到底部，所用時間為t₂。若物體與斜面間的滑動摩擦係數為μ，求比例t₂/t₁為何？
exam-1765090115299,114南湖高中,1,114,南湖高中,114南湖高中-物理-試題.pdf,q-1765090115339-6,7,Fluid Dynamics,Medium,0,Verified,images/114_南湖高中_114南湖高中_物理_試題_q7_problem.webp,images/114_南湖高中_114南湖高中_物理_試題_q7_answer.webp,,,一個完全盛載滿了水(密度p)的壩(高度H、寬度W、而其中一面之牆壁傾斜角為θ)，假設g是重力加速度，水在壩所造成的合力是下列何者？(A)(ρgH²W)/2(B)(ρgH²W)/(2sinθ)(C)(ρgHW)/(2cosθ)(D)(ρgH²W)/(2cosθ)(E)(ρgHW)/(sinθ + cosθ)
exam-1765090115299,114南湖高中,1,114,南湖高中,114南湖高中-物理-試題.pdf,q-1765090115339-7,8,Mechanics,Medium,0,Verified,images/114_南湖高中_114南湖高中_物理_試題_q8_problem.webp,images/114_南湖高中_114南湖高中_物理_試題_q8_answer.webp,,,一質點自傾斜角 30°的光滑斜面底端，以某一初速沿斜面向上作等加速度運動，抵達最遠 的 C 點之後，再自 C 下滑至斜面底端。若沿斜面上、下的過程中，質點通過斜面上 A、B 兩點的總時間為 2 秒，又 AB = 4.9 公尺，設 g=9.8 m/s²，則質點自 B 到 C 需耗時
exam-1765090115299,114南湖高中,1,114,南湖高中,114南湖高中-物理-試題.pdf,q-1765090115339-8,9,Mechanics,Medium,0,Verified,images/114_南湖高中_114南湖高中_物理_試題_q9_problem.webp,images/114_南湖高中_114南湖高中_物理_試題_q9_answer.webp,,,"某童子軍小隊欲豎立隊旗於地面上 O 點, 如圖(1)所示。取三條長度均為 L 之繩繫於柱上 O' 點, 再分向三方向固定繩於地面上之 ABC 三點, 如圖(2)所示。因繩長 L 固定, 若繫繩處 O' 點離地面的高度較高, 則 ABC 三點離柱子固定點 O 較近, 若 O' 點較低, 則 ABC 三點離柱子固定點 O 較遠。欲使隊旗能承受最大風力, 則繫繩處離地面的高度應為何?"
exam-1765090115299,114南湖高中,1,114,南湖高中,114南湖高中-物理-試題.pdf,q-1765090115339-9,10,Mechanics,Medium,0,Verified,images/114_南湖高中_114南湖高中_物理_試題_q10_problem.webp,images/114_南湖高中_114南湖高中_物理_試題_q10_answer.webp,,,"一光滑球置於斜角固定之光滑斜面上，一側用光滑平板擋住，使球呈靜止，則下列四種情形中，擋板受到之正向力最小為

"
exam-1765090115299,114南湖高中,1,114,南湖高中,114南湖高中-物理-試題.pdf,q-1765090115339-11,11,Mechanics,Medium,0,Verified,images/114_南湖高中_114南湖高中_物理_試題_q11_problem.webp,images/114_南湖高中_114南湖高中_物理_試題_q11_answer.webp,,,如附圖裝置中，A 重 10 kgw，B 重 5 kgw。A 與 B 之間及 B 與斜面間之靜摩擦係數均為 0.1，則能使系統維持不動時，C 物體重量 WC 有何限制？(A)0.2 kgw ≤ WC ≤ 5.8 kgw (B)0.7 kgw ≤ WC ≤ 5.8 kgw (C)0.2 kgw ≤ WC ≤ 5.0 kgw (D)1.1 kgw ≤ WC ≤ 3.6kgw (E)0.7 kgw ≤ WC ≤ 5.0 kgw
exam-1765090115299,114南湖高中,1,114,南湖高中,114南湖高中-物理-試題.pdf,q-1765090115339-12,12,Mechanics,Medium,0,Verified,images/114_南湖高中_114南湖高中_物理_試題_q12_problem.webp,images/114_南湖高中_114南湖高中_物理_試題_q12_answer.webp,,,如圖所示，A、B 兩小球質量分別為 m 與 2m，當兩球相距 R 時，A 靜止而 B 以速度 v 沿兩球連線方向離去，若兩球只受彼此間萬有引力吸引，則 v 值至少為何，方不致被吸回？
exam-1765090115299,114南湖高中,1,114,南湖高中,114南湖高中-物理-試題.pdf,q-1765090115339-13,13,Mechanics,Medium,0,Verified,images/114_南湖高中_114南湖高中_物理_試題_q13_problem.webp,images/114_南湖高中_114南湖高中_物理_試題_q13_answer.webp,,,如附圖所示，物體從 A 點由靜止開始沿曲面下滑，滑到 B 點速度恰好等於零，如果物體從 B 點以速度 v 沿曲面滑下，到達 A 點時速度又恰好等於零，重力加速度為 g，則 A、B 兩點的高度差為
exam-1765090115299,114南湖高中,1,114,南湖高中,114南湖高中-物理-試題.pdf,q-1765090115339-14,14,Circuit,Medium,0,Verified,images/114_南湖高中_114南湖高中_物理_試題_q14_problem.webp,images/114_南湖高中_114南湖高中_物理_試題_q14_answer.webp,,,一電池連接一可變電阻，測出端電壓與電流之關係如附圖，則電池內電阻為
exam-1765090115299,114南湖高中,1,114,南湖高中,114南湖高中-物理-試題.pdf,q-1765090115339-15,15,Circuit,Medium,0,Verified,images/114_南湖高中_114南湖高中_物理_試題_q15_problem.webp,images/114_南湖高中_114南湖高中_物理_試題_q15_answer.webp,,,如附圖(一)所示，某生以相同的兩個電池ε，分別連接3歐姆之電阻器R1與6歐姆之電阻器R2，加熱置於絕熱容器中之A與B液體。他量得A與B由室溫上升2°C所需的時間，分別為t1與t2。若如附圖(二)所示，將A與B均勻混合（設無化學反應發生），並將R1與R2串聯後，接上電池ε，由室溫開始加熱，則混合液上升4°C所需時間為何？
exam-1765090115299,114南湖高中,1,114,南湖高中,114南湖高中-物理-試題.pdf,q-1765090115339-16,16,Modern Physics,Medium,0,Verified,images/114_南湖高中_114南湖高中_物理_試題_q16_problem.webp,images/114_南湖高中_114南湖高中_物理_試題_q16_answer.webp,,,設某放射性元素之半衰期為 2 天，則該元素每原子經過一天即行蛻變之機率為
exam-1765090115299,114南湖高中,1,114,南湖高中,114南湖高中-物理-試題.pdf,q-1765090115339-17,17,Modern Physics,Medium,0,Verified,images/114_南湖高中_114南湖高中_物理_試題_q17_problem.webp,images/114_南湖高中_114南湖高中_物理_試題_q17_answer.webp,,,分別以波長為λ與λ/2的光束照射一金屬表面，測得光電子的截止電壓的比值為 1 : 3，欲使此金屬產生光電效應的低限波長為
exam-1765090115299,114南湖高中,1,114,南湖高中,114南湖高中-物理-試題.pdf,q-1765090115339-18,18,Electromagnetism,Medium,0,Verified,images/114_南湖高中_114南湖高中_物理_試題_q18_problem.webp,images/114_南湖高中_114南湖高中_物理_試題_q18_answer.webp,,,"在 x > 0 的空間有一朝 z 方向(垂直射出紙面)的均勻磁場 B, 在 x < 0 的空間則無磁場。在 xy 平面上有ㄧ長方形線圈, 長與寬分別為 3a 及 2a, 線圈之電阻為 R。如線圈以等速 v, 平行於 x 軸的方向, 由無磁場區進入磁場區(如圖所示), 線圈由無磁場區完全進入磁場區之過程中, 線圈產生之熱能為"
exam-1765090115299,114南湖高中,1,114,南湖高中,114南湖高中-物理-試題.pdf,q-1765090115339-19,19,Electromagnetism,Medium,0,Verified,images/114_南湖高中_114南湖高中_物理_試題_q19_problem.webp,images/114_南湖高中_114南湖高中_物理_試題_q19_answer.webp,,,"右圖之立方體邊長L, 置於磁場強度為B的均勻磁場中, 磁場方向平行x軸, 導線ab為立方體之對角線, 通以電流I, 方向由a向b, 則此直導線ab受到磁力大小為 "
exam-1765090115299,114南湖高中,1,114,南湖高中,114南湖高中-物理-試題.pdf,q-1765090115339-20,20,Circuit,Medium,0,Verified,images/114_南湖高中_114南湖高中_物理_試題_q20_problem.webp,images/114_南湖高中_114南湖高中_物理_試題_q20_answer.webp,,,在右圖所示的電中，試求A和B兩端點間的電位差為
exam-1765090115299,114南湖高中,1,114,南湖高中,114南湖高中-物理-試題.pdf,q-1765090115339-21,21,Electromagnetism,Medium,0,Verified,images/114_南湖高中_114南湖高中_物理_試題_q21_problem.webp,images/114_南湖高中_114南湖高中_物理_試題_q21_answer.webp,,,有兩固定點電荷，電量皆為+Q，相距2d之距離，另有一點電荷帶有+q的電量，置於兩者連線中點上，今將+q電荷沿一方移動甚小距離x(x << d)後釋放，已知+q之質量為m、庫侖常數為k，則其作簡諧運動的週期為
exam-1765090115299,114南湖高中,1,114,南湖高中,114南湖高中-物理-試題.pdf,q-1765090115339-22,22,Electromagnetism,Medium,0,Verified,images/114_南湖高中_114南湖高中_物理_試題_q22_problem.webp,images/114_南湖高中_114南湖高中_物理_試題_q22_answer.webp,,,兩個半徑為a與b的同心球殼 (b > a)，構成一球形電容器，若內球殼帶電量為+Q、外球殼帶電量為–Q，則球殼間的電容值為  (庫侖常數為k)
exam-1765090115299,114南湖高中,1,114,南湖高中,114南湖高中-物理-試題.pdf,q-1765090115339-23,23,Waves & Oscillations,Medium,0,Verified,images/114_南湖高中_114南湖高中_物理_試題_q23_problem.webp,images/114_南湖高中_114南湖高中_物理_試題_q23_answer.webp,,,如圖所示，兩個鐘擺由相同且無質量的彈簧和小球(質量m)所構成，鐘擺的擺長為ℓ。小球之間的初始距離是彈簧(彈簧常數K)的原長。如果這兩個球以反相的方式振盪，重力加速度為g，則系統的角頻率為
exam-1765090115299,114南湖高中,1,114,南湖高中,114南湖高中-物理-試題.pdf,q-1765090115339-24,24,Mechanics,Medium,0,Verified,images/114_南湖高中_114南湖高中_物理_試題_q24_problem.webp,images/114_南湖高中_114南湖高中_物理_試題_q24_answer.webp,,,如圖所示，一質量為M的三角形木塊固定在水平桌面上，它的頂角為90°，兩底角為α、β，兩個質量均為m的小木塊位於兩側光滑的斜面上。當兩小木塊沿斜面下滑時，求三角形木塊對水平桌面的垂直作用力為 (重力加速度為g)
exam-1765090115299,114南湖高中,1,114,南湖高中,114南湖高中-物理-試題.pdf,q-1765090115339-25,25,Mechanics,Medium,0,Verified,images/114_南湖高中_114南湖高中_物理_試題_q25_problem.webp,images/114_南湖高中_114南湖高中_物理_試題_q25_answer.webp,,,兩球甲、乙同時在高度為H處，分別以不同的水平方向速度拋出，經過不同時間之後，到達圖中P點。甲球以水平拋射的方式到達；乙球水平拋出後，首先與地面進行彈性碰撞，碰撞的時間極短，撞後水平方向速度不變、鉛直方向的速度以相同速率反向彈回，做斜向拋射繼續運動。兩球的軌跡交會處為Q點，Q點的高度為h，求H/h的值為
exam-1765090115299,114南湖高中,1,114,南湖高中,114南湖高中-物理-試題.pdf,q-1765090115339-26,26,Mechanics,Medium,0,Verified,images/114_南湖高中_114南湖高中_物理_試題_q26_problem.webp,images/114_南湖高中_114南湖高中_物理_試題_q26_answer.webp,,,一光滑鐵線連接半徑為R之鉛直圓上兩點P1、P2，P1P2與圓心之鉛直線夾θ角，則一個小串珠自P1滑至P2歷時。
exam-1765090115299,114南湖高中,1,114,南湖高中,114南湖高中-物理-試題.pdf,q-1765090115339-27,27,Optics,Medium,0,Verified,images/114_南湖高中_114南湖高中_物理_試題_q27_problem.webp,images/114_南湖高中_114南湖高中_物理_試題_q27_answer.webp,,,"將折射率為 √3 且主截面邊長 a 的正三角形稜鏡置於空氣中, 某光線以入射角 60°射至三稜鏡一邊的中點如附圖, 設空氣中的光速為 c, (水的折射率為 4/3) 則該光線穿過三稜鏡所經歷的時間為°"
exam-1765090115299,114南湖高中,1,114,南湖高中,114南湖高中-物理-試題.pdf,q-1765090115339-28,28,Electromagnetism,Medium,0,Verified,images/114_南湖高中_114南湖高中_物理_試題_q28_problem.webp,images/114_南湖高中_114南湖高中_物理_試題_q28_answer.webp,,,"半徑 R=0.1 m、電阻 0.4 Ω 的圓形線圈上，固定有通過圓心 o、電阻 0.1 Ω 的導體棒 ab，設法使線圈以角速度 ω=200 rad/s 繞 o 均勻轉動，求 (1)當 ao 進入強度 0.2 T 的均勻磁場 B 後，其感應電動勢為

此時通過 ob 的電流為"
exam-1765090115299,114南湖高中,1,114,南湖高中,114南湖高中-物理-試題.pdf,q-1765090115339-30,29,Circuit,Medium,0,Verified,images/114_南湖高中_114南湖高中_物理_試題_q29_problem.webp,images/114_南湖高中_114南湖高中_物理_試題_q29_answer.webp,,,"如附圖所示，求負載 R_L 為 ___Ω 時，R_L 消耗功率最大，其功率最大為___ (電池 E 的電阻不計，電壓為 V)

"
exam-1765090115299,114南湖高中,1,114,南湖高中,114南湖高中-物理-試題.pdf,q-1765090115339-32,30,Modern Physics,Medium,0,Verified,images/114_南湖高中_114南湖高中_物理_試題_q30_problem.webp,images/114_南湖高中_114南湖高中_物理_試題_q30_answer.webp,,,"如附圖所示，二金屬板 A、B 的光電效應，最大動能 kmax 與入射光頻率 v 之函數關係圖中 a:b=3:5，則：以 3vA 的光分別照射在 A、B 表面時，截止電壓的比值為___。

可產生光電效應的最大波長比 λA : λB = ___ °"
exam-1765090115299,114南湖高中,1,114,南湖高中,114南湖高中-物理-試題.pdf,q-1765090115339-34,31,Mechanics,Medium,0,Verified,images/114_南湖高中_114南湖高中_物理_試題_q31_problem.webp,images/114_南湖高中_114南湖高中_物理_試題_q31_answer.webp,,,"如附圖所示，兩個質量相同的小球 A 與 B，兩者間以極理想的輕彈簧連接，置於光滑水平面上，一顆質量為小球 1/4 的子彈，以水平速率 v 射入 A 球，並停留於 A 球內，求在運動過程中，(1)A 球的最小速率為 (34) (2)B 球的最大速率為___

"
exam-1765090115299,114南湖高中,1,114,南湖高中,114南湖高中-物理-試題.pdf,q-1765090115339-36,32,Education,Medium,0,Verified,images/114_南湖高中_114南湖高中_物理_試題_q32_problem.webp,,,,產生X射線的方法是用高速電子撞擊金屬靶，當中有兩種產生X射線的機制。(A)畫出X射線強度對波長的函數關係圖。(2分)(B)說明兩種產生X射線的機制，並指出兩種機制產生的X射線在上圖中的哪個位置。(4分)
exam-1765090115299,114南湖高中,1,114,南湖高中,114南湖高中-物理-試題.pdf,q-1765090115339-37,33,Education,Medium,0,Verified,images/114_南湖高中_114南湖高中_物理_試題_q33_problem.webp,,,,密立坎利用油滴實驗測量電子的基本電量。(A)請問實驗過程中如何讓油滴帶電？至少舉出兩種方式。(2分)(B)密立坎最初使用水滴後來才改用油滴，請問為什麼油滴比水滴適合進行實驗？至少說明兩個理由。(4分)
exam-1765090115299,114南湖高中,1,114,南湖高中,114南湖高中-物理-試題.pdf,q-1765090115339-38,34,Education,Medium,0,Verified,images/114_南湖高中_114南湖高中_物理_試題_q34_problem.webp,,,,請從必歐-沙伐定律推導出長直導線的磁場公式 $B=\frac{\mu_0 i}{2\pi r}$ (6分)
exam-1765090115299,114南湖高中,1,114,南湖高中,114南湖高中-物理-試題.pdf,q-1765090115339-39,35,Education,Medium,0,Verified,images/114_南湖高中_114南湖高中_物理_試題_q35_problem.webp,,,,請解釋在光電效應的實驗中，為何隨著逆向電壓越來越大時，光電流會越來越小(6 分)
exam-1765090115299,114南湖高中,1,114,南湖高中,114南湖高中-物理-試題.pdf,q-1765090115339-40,36,Education,Medium,0,Verified,images/114_南湖高中_114南湖高中_物理_試題_q36_problem.webp,,,,如圖所示，一球自高處以 v₀ = 20 m/s 水平拋出，忽視空氣阻力，若有一與地面夾 53°照射的平行光，則在球在空中飛行的過程中可觀察到地面上的影子運動，寫出影子在平地上的位移 x 與飛行時間 t 的關係式。(6分)
exam-1765120337741,114 嘉義高中,1,114,嘉義高中,114嘉義高中-物理-試題.pdf,q-1765120337777-0,1,Mechanics,Medium,0,Verified,images/114_嘉義高中_114嘉義高中_物理_試題_q1_problem.webp,images/114_嘉義高中_114嘉義高中_物理_試題_q1_answer.webp,,,"如圖所示，有一傾角為 $30^	ext{o}$，足夠長的粗糙斜面被固定在水平地面上，輕繩一端連接質量為 $4\text{kg}$ 的物體 $A$，另一端跨過光滑的定滑輪連接質量為 $6\text{kg}$ 的物體 $B$。斜面上方輕繩始終與斜面平行且處於伸直狀態。已知物體 $A$ 與斜面間的動摩擦係數為 $\frac{\sqrt{3}}{2}$，物體 $B$ 距地面高度 $h=0.5\text{m}$。現將物體 $A$、$B$ 由靜止釋放，$B$ 落地後不再彈起，$A$ 不會與滑輪相撞，物體 $A$、$B$ 可視為質點，重力加速度 $g$ 取 $10\text{m/s}^2$，已知最大靜摩擦力等於滑動摩擦力，不計空氣阻力，求：(1)物體 $B$ 剛要接觸地面時的速度大小為何？

物體$A$向上滑動的整個過程中與斜面間因摩擦產生的熱量大小為何"
exam-1765120337741,114 嘉義高中,1,114,嘉義高中,114嘉義高中-物理-試題.pdf,q-1765120337777-2,2,Mechanics,Medium,0,Verified,images/114_嘉義高中_114嘉義高中_物理_試題_q2_problem.webp,images/114_嘉義高中_114嘉義高中_物理_試題_q2_answer.webp,,,如圖所示，某超市中兩輛相同質量均為 $m$ 的手推購物車、相距 $2L$ 沿直線排列，靜置於水平地面上。為節省收納空間，工讀生給購物車①一個瞬間的水平推力 $F$ 使車自行運動，並與購物車②相碰，且在極短時間內相互嵌合結為一體，以共同的速度運動了距離 $\frac{L}{2}$ ，恰好停靠在牆邊。若車運動時受到的摩擦力恆為車重的 $k$ 倍，忽略空氣阻力。重力加速度為 $g$ 。則工讀生給購物車①水平推力 $F$ 的衝量大小為何？
exam-1765120337741,114 嘉義高中,1,114,嘉義高中,114嘉義高中-物理-試題.pdf,q-1765120337777-3,3,Optics,Medium,0,Verified,images/114_嘉義高中_114嘉義高中_物理_試題_q3_problem.webp,images/114_嘉義高中_114嘉義高中_物理_試題_q3_answer.webp,,,"在水深為 $1.0	ext{m}$ 的水池底部水平放置一條長為 $1.0	ext{m}$ 能發出紅光的細 LED 燈帶，不考慮水面對光線的反射，計算水面上產生光斑的面積為多少平方公尺？ (設水對紅光的折射率為 $4/3$)"
exam-1765120337741,114 嘉義高中,1,114,嘉義高中,114嘉義高中-物理-試題.pdf,q-1765120337777-4,4,Mechanics,Medium,0,Verified,images/114_嘉義高中_114嘉義高中_物理_試題_q4_problem.webp,images/114_嘉義高中_114嘉義高中_物理_試題_q4_answer.webp,,,質量 $2kg$ 之臺車 $A$ 置於水平桌面，車上物體 $B$ 的質量為 $1kg$，$B$ 以細線連接通過摩擦及質量可忽略之定滑輪，在另一端繩上掛質量未知之 $C$ 球如圖所示，若臺車 $A$ 與桌面之摩擦不計，$B$、$A$ 間之靜摩擦係數為 $0.4$，取 $g=10m/s^2$，若要 $B$ 在 $A$ 上不至於產生相對滑動，則 $C$ 球之質量最多不可超過 ______ 公斤。(臺車之輪子質量可忽略)
exam-1765120337741,114 嘉義高中,1,114,嘉義高中,114嘉義高中-物理-試題.pdf,q-1765120337777-5,5,Electromagnetism,Medium,0,Verified,images/114_嘉義高中_114嘉義高中_物理_試題_q5_problem.webp,images/114_嘉義高中_114嘉義高中_物理_試題_q5_answer.webp,,,"有一質量 $m$、半徑 $R$、長度 $l$ 的圓柱木頭，其上繞有 $N$ 匝之線圈(繞的方式參看右圖)，將圓柱放在仰角 $	heta$ 的斜面上，並置於一方向鉛直向上的均勻磁場 $B$ 中，如右圖所示。若要使圓柱不轉動則需加一電流 $i$，求此電流的大小 $i=$ ______。(以 $m$、$g$、$N$、$l$、$B$ 表示)"
exam-1765120337741,114 嘉義高中,1,114,嘉義高中,114嘉義高中-物理-試題.pdf,q-1765120337777-6,6,Optics,Medium,0,Verified,images/114_嘉義高中_114嘉義高中_物理_試題_q6_problem.webp,images/114_嘉義高中_114嘉義高中_物理_試題_q6_answer.webp,,,將一透鏡從中間分害成兩半，用此透鏡所成的兩點光源實像，可作為干涉實驗產生兩同相光源的一種方法；該透鏡稱比勒特分開透鏡(Billets split lens)。若透鏡焦距 $4 \text{ cm}$，一點光源距透鏡 $5 \text{ cm}$，光的波長為 $500 \text{ nm}$，兩半透鏡相距 $0.01 \text{ cm}$，若屏距像光源 $100 \text{ cm}$，則干涉條紋間距為 ______ $\text{cm}$。
exam-1765120337741,114 嘉義高中,1,114,嘉義高中,114嘉義高中-物理-試題.pdf,q-1765120337777-7,7,Waves & Oscillations,Medium,0,Verified,images/114_嘉義高中_114嘉義高中_物理_試題_q7_problem.webp,images/114_嘉義高中_114嘉義高中_物理_試題_q7_answer.webp,,,觀察者、聲源和反射板依照圖所示的順序排列在一條直線上。假設聲源和反射板能夠沿著這條直線獨立移動。當觀察者保持靜止時，聲源以恆定的速度 $v$ 向觀察者移動，同時發射恆定頻率 $f$ 的聲波，反射板則以相同的速率向聲源的相反方向移動，此時有速率為 $w$ 的均勻風從反射器向觀察者方向吹去。設無風時的聲速為 $V_0$、$w < V_0$。求聲波經反射板反射後到達觀察者的頻率為何？
exam-1765120337741,114 嘉義高中,1,114,嘉義高中,114嘉義高中-物理-試題.pdf,q-1765120337777-8,8,Electromagnetism,Medium,0,Verified,images/114_嘉義高中_114嘉義高中_物理_試題_q8_problem.webp,images/114_嘉義高中_114嘉義高中_物理_試題_q8_answer.webp,,,"如圖所示為密立坎油滴實驗的示意圖。兩水平金屬平板上下放置，間距固定，可從上板中央的小孔向兩板間噴入大小不同、帶電量不同、密度相同的小油滴。兩板間不加電壓時，油滴 $a$、$b$ 在重力與空氣阻力的作用下鉛直向下等速運動，速率分別為 $4v$、$v$；兩板間加上電壓後（上板為正極），這兩個油滴很快達到相同的速率 $2v$，均鉛直向下等速運動。若將油滴視為球形，且所受空氣阻力大小 $F$ 僅與油滴半徑 $r$ 及運動速率 $v$ 成正比。不計空氣浮力和油滴間的相互作用。求：(1)油滴 $a$ 和油滴 $b$ 的質量之比為多少？

求 $a$、$b$ 所帶電荷量的絕對值之比。"
exam-1765120337741,114 嘉義高中,1,114,嘉義高中,114嘉義高中-物理-試題.pdf,q-1765120337777-10,9,Modern Physics,Medium,0,Verified,images/114_嘉義高中_114嘉義高中_物理_試題_q9_problem.webp,images/114_嘉義高中_114嘉義高中_物理_試題_q9_answer.webp,,,"當電子束以與晶格面成一定角度 $\theta$ 入射時，被規則排列的原子散射後，可以在特定方向上形成完全建設性干涉。若以動量為 $9.1 \times 10^{-24}\,\text{kg}\cdot\text{m/s}$ 電子束入射晶格間距 $d=3.5 \times 10^{-10}\,\text{m}$ 的原子，當繞射角度 $\theta$ 在 $50^\circ \le \theta < 90^\circ$ 範圍內變化時，反射後電子束會發生幾個完全建設性干涉?(普朗克常數 $h=6.6 \times 10^{-34}\,\text{J}\cdot\text{s}$ 、 $\sin 50^\circ =0.77$)"
exam-1765120337741,114 嘉義高中,1,114,嘉義高中,114嘉義高中-物理-試題.pdf,q-1765120337777-11,10,Electromagnetism,Medium,0,Verified,images/114_嘉義高中_114嘉義高中_物理_試題_q10_problem.webp,images/114_嘉義高中_114嘉義高中_物理_試題_q10_answer.webp,,,"從鉛直上方往下看電路圖，有兩個足夠長且電阻值可忽略不計的導線 $ab$ 和 $cd$ 以一定距離水平放置在磁場強度為 $B$ 鉛直向上的均勻磁場中；$ac$ 之間連接有電阻值為 $R$ 的電阻和電動勢為 $\varepsilon$ 的電池。將質量為 $M$ 的導線甲（電阻值可忽略不計）放置在導線 $ab$ 和 $cd$ 之間以使其垂直。最初，導線甲被固定於導線 $ab$ 與 $cd$ 之間，令靜摩擦係數和動摩擦係數皆為 $\mu$、重力加速度為 $g$。求：(1)當固定物移除後，導線甲開始滑動，經過足夠的時間後，導線甲的速率 $v$ 變成恆定，則速率 $v$ 為若干？

當導線甲等速運動時，單位時間內因摩擦所產生的熱量為若干？"
exam-1765120337741,114 嘉義高中,1,114,嘉義高中,114嘉義高中-物理-試題.pdf,q-1765120337777-13,11,Electromagnetism,Medium,0,Verified,images/114_嘉義高中_114嘉義高中_物理_試題_q11_problem.webp,images/114_嘉義高中_114嘉義高中_物理_試題_q11_answer.webp,,,"如圖所示，一半徑為 $R$ 的光滑絕緣半球面開口向下，固定在水平面上，整個空間存在一方向鉛直向下的均勻磁場。一電量為 $q(q>0)$、質量為 $m$ 的小球 $P$ 在球面上做水平面等速率圓周運動，圓心為 $O'$。球心 $O$ 到該圓周上任一點的連線與鉛直方向的夾角為 $	heta (0 < 	heta < \frac{\pi}{2})$。已知重力加速度為 $g$，為了使小球 $P$ 能夠維持在該圓周上運動，求磁場大小的最小值為 ______ (以 $q$、$m$、$g$、$R$ 及 $	heta$ 表示)"
exam-1765120337741,114 嘉義高中,1,114,嘉義高中,114嘉義高中-物理-試題.pdf,q-1765120337777-14,12,Mechanics,Medium,0,Verified,images/114_嘉義高中_114嘉義高中_物理_試題_q12_problem.webp,images/114_嘉義高中_114嘉義高中_物理_試題_q12_answer.webp,,,"一小球自高度 $a$ 自由落下，落在一固定斜面上 A 點後反彈，反彈後落在 B 點再反彈落至 C 點，如右圖所示。不考慮空氣阻力，所有碰撞均為彈性碰撞，重力加速度為 $g$，則：(1) 開始落下至 C 點所需的時間為______。(以 $g$ 及 $a$ 表示)(2) $\overline{AC}$ 距離為______。(以 $a$ 及數字表示)

"
exam-1765120337741,114 嘉義高中,1,114,嘉義高中,114嘉義高中-物理-試題.pdf,q-1765120337777-16,13,Thermodynamics,Medium,0,Verified,images/114_嘉義高中_114嘉義高中_物理_試題_q13_problem.webp,images/114_嘉義高中_114嘉義高中_物理_試題_q13_answer.webp,,,"有一個可移動的活塞(質量為 $m$ 面積為 $A$), 將一裝有氣體, 體積為 $2V$ 的容器分成相等的兩部分, 如圖所示。起始時兩邊的壓力均為 $P$, 假使容器壁及氣體均保持恆溫狀態, 現將活塞移動少許, 然後放手讓其自由運動, 若活塞與容器壁的摩擦力可以不計, 則活塞來回運動的週期為______。(以 $m$、$V$、$A$、$P$ 表示)"
exam-1765120337741,114 嘉義高中,1,114,嘉義高中,114嘉義高中-物理-試題.pdf,q-1765120337777-17,14,Electromagnetism,Medium,0,Verified,images/114_嘉義高中_114嘉義高中_物理_試題_q14_problem.webp,images/114_嘉義高中_114嘉義高中_物理_試題_q14_answer.webp,,,考慮如圖的線路，右邊是質量為 $m$ 而長度為 $\ell$ 的金屬棒，可以在導線上滑動形成導通的迴路，且滑動時摩擦力可忽略不計。將整個迴路放置於量值為 $B$、方向為射入紙面 (以 $x$ 表示) 的均勻磁場中，除了電阻 $R$ 外，假設此迴路其餘部分的電阻皆可忽略。如果金屬棒有一初速 $v$，則經過一段特定時間 $t=0.69 \tau$ 之後，金屬棒的速率就會減半成 $\frac{v}{2}$，而且 $\tau$ 大致上與初速無關。其原理是因為電磁感應：金屬棒的運動造成迴路的磁通量改變，產生感應電流，而此電流讓運動中的金屬棒，在磁場中受到一反向的磁力，因此會減速，且感應電流在電阻 $R$ 上會產生功率消耗。求 $\tau = ______$。(以 $m$、$R$、$\ell$、$B$ 表示)(註：$\ln 2=0.69$)
exam-1765120337741,114 嘉義高中,1,114,嘉義高中,114嘉義高中-物理-試題.pdf,q-1765120337777-18,15,Astrophysics,Medium,0,Verified,images/114_嘉義高中_114嘉義高中_物理_試題_q15_problem.webp,images/114_嘉義高中_114嘉義高中_物理_試題_q15_answer.webp,,,"由三顆星體構成的系統，忽略其他星體對它們的作用，存在著一種運動形式：三顆星體在相互之間的萬有引力作用下，分別位於等邊三角形的三個頂點上，繞一共同的圓心 $O$ 在三角形所在平面內做相同角速度的圓周運動，如圖所示。若 $A$ 星體質量為 $2m$， $B$、$C$ 兩星體的質量均為 $m$，三角形的邊長為 $a$，求：(已知萬有引力常數為 $G$)(1) $B$ 星體所受 $A$、$C$ 星體萬有引力的合力大小為 ______。(以 $G$、$m$ 及 $a$ 表示)

(2) C 星體作圓周運動的週期為______。(以 $G$、$m$ 及 $a$ 表示)"
exam-1765083769205,114建國中學,1,114,建國中學,114建國中學-物理-試題、解答.pdf,q-1765083769240-0,1,Mechanics,Medium,0,Verified,images/114_建國中學_114建國中學_物理_試題_解答_q1_problem.webp,images/114_建國中學_114建國中學_物理_試題_解答_q1_answer.webp,,,如右圖，一個質量為m、半徑為R的金屬環在 37° 的斜面上朝斜下方作純滾動。如果金屬環與斜面之間的靜摩擦係數為 0.25，若重力加速度為g，斜面以等加速度a向右加速，如果要維持純滾動的前提下，請問a的最小值為何？
exam-1765083769205,114建國中學,1,114,建國中學,114建國中學-物理-試題、解答.pdf,q-1765083769240-1,2,Optics,Medium,0,Verified,images/114_建國中學_114建國中學_物理_試題_解答_q2_problem.webp,images/114_建國中學_114建國中學_物理_試題_解答_q2_answer.webp,,,"建中同學問老師說：「我的眼鏡度數為 400 度，可視為焦距為 25cm 的凹透鏡，但為何我所看到的成像卻沒有像上課所教的是正立縮小虛像，好像有縮小一點點，又好像根本沒有縮小？」(a).請問老師要如何解釋給學生聽？請用 50 個字左右說明。

請將上述概念整理成一題計算題，包含題目與解答過程，數字需要合理，能有效的解釋其概念。(6分)"
exam-1765083769205,114建國中學,1,114,建國中學,114建國中學-物理-試題、解答.pdf,q-1765083769240-3,4,Electromagnetism,Medium,0,Verified,images/114_建國中學_114建國中學_物理_試題_解答_q4_problem.webp,images/114_建國中學_114建國中學_物理_試題_解答_q4_answer.webp,,,"如右圖所示, 質量為m的小球, 可沿一半徑為r的圓形軌道運動(且限制只能沿這個軌道運動), 軌道平面為水平面, 小球帶有固定的正電荷q。設有空間分佈均勻但隨時間 t 變化的磁場B, 方向垂直穿出紙面。若t = 0時, 小球靜止於環上, 0 < t < T時, B(t)隨時間t均勻增大, t = T時, B = B_0, t ≥ T時, 磁場穩定不變。若不計重力與摩擦力, 試問t > 0時, 小球對軌道的作用力？(5分)"
exam-1765083769205,114建國中學,1,114,建國中學,114建國中學-物理-試題、解答.pdf,q-1765083769240-4,5,Optics,Medium,0,Verified,images/114_建國中學_114建國中學_物理_試題_解答_q5_problem.webp,images/114_建國中學_114建國中學_物理_試題_解答_q5_answer.webp,,,"給定一厚度為d的平行平板，其折射率按照右式變化：n(x) = n_0 / (1 - x/r), 其中n_0 = 1.2、r = 13cm。一束光在O點由空氣接近垂直入射平板，並在A點以角α = 30° 出射，如右圖所示。求：(a). A點的折射率n_A (4分)

平板厚度。"
exam-1765083769205,114建國中學,1,114,建國中學,114建國中學-物理-試題、解答.pdf,q-1765083769240-6,7,Optics,Medium,0,Verified,images/114_建國中學_114建國中學_物理_試題_解答_q7_problem.webp,images/114_建國中學_114建國中學_物理_試題_解答_q7_answer.webp,,,"焦距為f的凸透鏡前相距L1 (L1 > f)處放置一單色點光源 S (波長為λ)，透鏡後相距L處放置一觀察屏 P，整個系統沿主軸對稱。現沿平行主軸方向把透鏡對稱分割成兩半，並將分 成兩半之透鏡沿切面之垂直方向對稱地移開一小段距離，直 至兩半透鏡相距δ，如圖所示。求： (a). 屏 P 上干涉亮紋間距(4分)

(b). The total number of bright interference fringes on screen P (4 points)

當L₁ < f時,會有何結果,請說明(3分)"
exam-1765083769205,114建國中學,1,114,建國中學,114建國中學-物理-試題、解答.pdf,q-1765083769240-9,10,Mechanics,Medium,0,Verified,images/114_建國中學_114建國中學_物理_試題_解答_q10_problem.webp,images/114_建國中學_114建國中學_物理_試題_解答_q10_answer.webp,,,有四個半徑為r、質量相等的光滑小球放在一個表面光滑的半球形碗底，四小球之球心在同一水平面上。今用另一個完全相同的小球置於四小球之上，為使下面四個小球維持相互接觸不分離，則碗半徑R與小球半徑r應滿足什麼條件？ (5 分)
exam-1765083769205,114建國中學,1,114,建國中學,114建國中學-物理-試題、解答.pdf,q-1765083769240-10,11,Electromagnetism,Medium,0,Verified,images/114_建國中學_114建國中學_物理_試題_解答_q11_problem.webp,images/114_建國中學_114建國中學_物理_試題_解答_q11_answer.webp,,,"一個半徑為R的實心金屬球，以一個不導電的絲線懸掛在天花板上，若對其充電，使其帶有電量Q的電荷，且電荷會均勻分佈於表面，所需的能量為E1。一個半徑為R的實心絕緣體球，以一個不導電的絲線懸掛在天花板上，若對其充電，使其帶有電量Q的電荷，且電荷會均勻分佈於絕緣體球內部，所需的能量為E2。請問 E1/E2 會大於、小於還是等於1，請說明您的理由。(3分)

請問 E1/E2 = ? (5分)"
exam-1765083769205,114建國中學,1,114,建國中學,114建國中學-物理-試題、解答.pdf,q-1765083769240-12,13,Waves & Oscillations,Medium,0,Verified,images/114_建國中學_114建國中學_物理_試題_解答_q13_problem.webp,images/114_建國中學_114建國中學_物理_試題_解答_q13_answer.webp,,,"水平面上左右兩相同喇叭相距d，左喇叭相位領先右喇叭 90 度且波長均為λ的聲波 (左喇叭的聲波較右喇叭早 1/4 週期)，此聲波在空間中產生了一連串的腹線與節線。(a). 若有觀察者以包含兩波源的圓形軌跡繞一圈，發現共經過了 9 次聲音極小。總共有幾條腹線與節線？並請在作答區繪製干涉圖以及腹節線。(5分)

若有觀察者以包含兩波源的圓形軌跡繞一圈，發現共經過了 10 次聲音極小。請問 d 之條件 為？ (3分)"
exam-1765083769205,114建國中學,1,114,建國中學,114建國中學-物理-試題、解答.pdf,q-1765083769240-14,15,Electromagnetism,Medium,0,Verified,images/114_建國中學_114建國中學_物理_試題_解答_q15_problem.webp,images/114_建國中學_114建國中學_物理_試題_解答_q15_answer.webp,,,"如圖所示，兩個同心的空心半球殼相對放置，半徑分別為 R₁、R₂，球殼表面都均勻帶電，電荷面密度分別為 σ₁、σ₂。兩球殼雖相對放置，但因半徑不同，且中間為中空，故無任何碰觸，問：(a) 當小球殼消失時，求大球殼底平面區域直徑 AOB 上的電位表示。

若同時考慮大、小球殼效應，求大球殼底平面區域直徑 AOB 上的電位表示。"
exam-1765083769205,114建國中學,1,114,建國中學,114建國中學-物理-試題、解答.pdf,q-1765083769240-16,17,Electromagnetism,Medium,0,Verified,images/114_建國中學_114建國中學_物理_試題_解答_q17_problem.webp,images/114_建國中學_114建國中學_物理_試題_解答_q17_answer.webp,,,"如圖所示，足夠長的矩形區域 abcd 內充滿磁場強度為 B、方向垂直指向紙面的均勻磁場。現從 ad 邊的中心 O 點處，垂直磁場方向射入一速度為 v₀ 的帶正電粒子，v₀ 與 ad 邊的夾角為 30°。已知粒子質量為 m，帶電量為 q，ad 邊長為 L，不計粒子的重力。(a). 求要使粒子能從 ab 邊射出磁場的 v₀ 大小範圍。(5 分)

粒子在磁場中運動的最長時間是多少? 在這種情況下, 粒子將在什麼範圍內射出磁場?"
exam-1765083769205,114建國中學,1,114,建國中學,114建國中學-物理-試題、解答.pdf,q-1765083769240-18,19,Thermodynamics,Medium,0,Verified,images/114_建國中學_114建國中學_物理_試題_解答_q19_problem.webp,images/114_建國中學_114建國中學_物理_試題_解答_q19_answer.webp,,,"如右圖所示為一熱機內一定量的理想氣體由 A→B→C→D→A 熱力循環圖，其熱機效率 η = W / Q吸熱 = 0.2, 其中，A→B 和 C→D 為等容過程，B→C 為絕熱過程，D→A 為等溫過程。若 B→C 氣體對 外作功 200J、D→A 過程外界對氣體作功 140J，試計算下列問題：(a). 請求出 A→B 過程內能的變化。(5 分)(需回答增加或減少多少量值)

請求出 C→D 過程的熱量。(需回答吸或放熱多少量值)(5 分)"
exam-1765083769205,114建國中學,1,114,建國中學,114建國中學-物理-試題、解答.pdf,q-1765083769240-20,21,Mechanics,Medium,0,Verified,images/114_建國中學_114建國中學_物理_試題_解答_q21_problem.webp,images/114_建國中學_114建國中學_物理_試題_解答_q21_answer.webp,,,"一滑輪系統，其中滑輪I以一彈性係數為K的彈簧懸吊在天花板，滑輪II則掛在細繩上，兩個滑輪的半徑相等，滑輪及細繩的質量皆可忽略不計。若此系統吊掛質量分別為2M與3M的重物(如圖所示), 請問2M的加速度為何？ (3分)

彈簧的伸長量為何？

若同時讓滑輪 I 做小幅度上下的振盪，則振盪的週期為何？"
exam-1765182014528,114 彰化高中,1,114,彰化高中,114彰化高中-物理-試題.pdf,q-1765182014579-0,1,Mechanics,Medium,0,Verified,images/114_彰化高中_114彰化高中_物理_試題_q1_problem.webp,images/114_彰化高中_114彰化高中_物理_試題_q1_answer.webp,,,一輛汽車以速率 $v_0$ 即將進入前方路寬為 $R$ 的T字路口，由於車速過快無法直接轉彎，若不轉彎但緊急煞車，則可以煞停。現採取先剎車一小段再轉彎，則剎車距離至少為多少才能順利通過？(假設汽車輪胎橫向或縱向與地面摩擦係數均為 $\mu$)
exam-1765182014528,114 彰化高中,1,114,彰化高中,114彰化高中-物理-試題.pdf,q-1765182014579-1,2,Mechanics,Medium,0,Verified,images/114_彰化高中_114彰化高中_物理_試題_q2_problem.webp,images/114_彰化高中_114彰化高中_物理_試題_q2_answer.webp,,,如圖，設重力加速度量值為 $g$，沙包質量為 $m$，人的質量為 $M$，繩跨過定滑輪後，一端繫著沙包，另一端被人拉住。已知滑輪與繩之質量均可以忽略，各接觸面之摩擦力皆為零，且沙包以鉛直向下作加速運動。當繩與水平夾角為 $\theta$ 時，人的加速度量值為何？
exam-1765182014528,114 彰化高中,1,114,彰化高中,114彰化高中-物理-試題.pdf,q-1765182014579-2,3,Mechanics,Medium,0,Verified,images/114_彰化高中_114彰化高中_物理_試題_q3_problem.webp,images/114_彰化高中_114彰化高中_物理_試題_q3_answer.webp,,,質量為 $1\text{kg}$ 的物體作直線運動，初速為 $5\text{m/s}$，受一阻力量值為 $F = 2t$ (單位：牛頓)，當速率為零時，物體的總位移為多少公尺？
exam-1765182014528,114 彰化高中,1,114,彰化高中,114彰化高中-物理-試題.pdf,q-1765182014579-3,4,Mechanics,Medium,0,Verified,images/114_彰化高中_114彰化高中_物理_試題_q4_problem.webp,images/114_彰化高中_114彰化高中_物理_試題_q4_answer.webp,,,由地面以初速度鉛直向上發射一砲彈，到達最高點時爆裂成質量相等的兩塊，其中一塊於發射後 $t_1$ 秒落地，另一塊於發射後 $t_2$ 秒落地。已知 $t_2 > t_1$，重力加速度量值為 $g$，則初速度為何？
exam-1765182014528,114 彰化高中,1,114,彰化高中,114彰化高中-物理-試題.pdf,q-1765182014579-4,5,Fluid Dynamics,Medium,0,Verified,images/114_彰化高中_114彰化高中_物理_試題_q5_problem.webp,images/114_彰化高中_114彰化高中_物理_試題_q5_answer.webp,,,如圖，容器裝有密度 $\rho$ 的液體，有一細繩下端固定於容器底部，上端繫一密度 $d$、質量 $m$ 的小球。若 $\rho > d$，重力加速度為 $g$，當容器以加速度 $a$ 向右運動時，繩張力為何？
exam-1765182014528,114 彰化高中,1,114,彰化高中,114彰化高中-物理-試題.pdf,q-1765182014579-5,6,Astrophysics,Medium,0,Verified,images/114_彰化高中_114彰化高中_物理_試題_q6_problem.webp,images/114_彰化高中_114彰化高中_物理_試題_q6_answer.webp,,,如圖所示，發射地球同步衛星時，先將衛星發射至近地面的圓軌道 1，然後點火，使其沿橢圓軌道 2 運行，最後再次點火將衛星送入同步圓軌道 3。已知圓軌道 1 與圓軌道 3 的半徑比為 $1:4$；軌道 1、2 相切於 $Q$ 點，軌道 1、2 在 $Q$ 點的速率分別為 $V_{Q1}$、$V_{Q2}$；軌道 2、3 相切於 $P$ 點，軌道 2、3 在 $P$ 點的速率分別為 $V_{P2}$、$V_{P3}$。試問 $V_{Q1} : V_{Q2} : V_{P2} : V_{P3}$ 為何？(請簡化成沒有分數的答案)
exam-1765182014528,114 彰化高中,1,114,彰化高中,114彰化高中-物理-試題.pdf,q-1765182014579-6,7,Mechanics,Medium,0,Verified,images/114_彰化高中_114彰化高中_物理_試題_q7_problem.webp,images/114_彰化高中_114彰化高中_物理_試題_q7_answer.webp,,,一斜面其傾斜角為 $\theta$，有一彈性常數為 $k$ 之輕彈簧，將其一端固定於斜面之頂端，另一端連接一質量為 $m$ 之物體，如圖。已知重力加速度量值為 $g$，今施力將物體沿斜面向上推，使其由平衡點向上位移 $x$，系統的總位能變化量為何？
exam-1765182014528,114 彰化高中,1,114,彰化高中,114彰化高中-物理-試題.pdf,q-1765182014579-7,8,Thermodynamics,Medium,0,Verified,images/114_彰化高中_114彰化高中_物理_試題_q8_problem.webp,images/114_彰化高中_114彰化高中_物理_試題_q8_answer.webp,,,如圖，一端封閉一端開口的均勻玻璃管中，中間有一段總長度 $30\text{cm}$ 的水銀柱。圖中目前氣體溫度為 $-73^\circ\text{C}$，外界大氣壓力為 $75\text{cmHg}$。試問大氣壓力固定下，若想使管中水銀全部溢出，氣體溫度至少應升高到多少 $\text{K}$？
exam-1765182014528,114 彰化高中,1,114,彰化高中,114彰化高中-物理-試題.pdf,q-1765182014579-8,9,Waves & Oscillations,Medium,0,Verified,images/114_彰化高中_114彰化高中_物理_試題_q9_problem.webp,images/114_彰化高中_114彰化高中_物理_試題_q9_answer.webp,,,某繩波的波形(正弦波)如圖所示，繩上一點 P 在波通過期間的平均速率為 $10 \text{ cm/s}$，則此時 Q 點速率為多少 $\text{cm/s}$？
exam-1765182014528,114 彰化高中,1,114,彰化高中,114彰化高中-物理-試題.pdf,q-1765182014579-9,10,Waves & Oscillations,Medium,0,Verified,images/114_彰化高中_114彰化高中_物理_試題_q10_problem.webp,images/114_彰化高中_114彰化高中_物理_試題_q10_answer.webp,,,水面上有兩同相點波源相距 $20 \text{ cm}$，今以兩波源連線中心為圓心，畫一個半徑 $15 \text{ cm}$ 的圓，圓周上共有 $16$ 個節點，則水波波長的範圍為何？
exam-1765182014528,114 彰化高中,1,114,彰化高中,114彰化高中-物理-試題.pdf,q-1765182014579-10,11,Optics,Medium,0,Verified,images/114_彰化高中_114彰化高中_物理_試題_q11_problem.webp,images/114_彰化高中_114彰化高中_物理_試題_q11_answer.webp,,,"如圖所示，湖泊中距離湖面 $4\,\text{cm}$ 處有一條小魚，觀察者在湖面上 $2\,\text{cm}$ 處放一個焦距為 $30\,\text{cm}$ 的薄凸透鏡，從湖面上垂直湖面觀察這條小魚。已知空氣的折射率為 $n_{\text{air}}=1$，水的折射率為 $n_{\text{water}}=4/3$，假設小魚的位置在凸透鏡主光軸上，請問觀察者會覺得小魚出現在湖面下多少公分處？"
exam-1765182014528,114 彰化高中,1,114,彰化高中,114彰化高中-物理-試題.pdf,q-1765182014579-11,12,Optics,Medium,0,Verified,images/114_彰化高中_114彰化高中_物理_試題_q12_problem.webp,images/114_彰化高中_114彰化高中_物理_試題_q12_answer.webp,,,將楊氏雙狹縫干涉實驗裝置置於空氣中，以單色光入射雙狹縫。把其中一狹縫 $S_1$ 蓋上折射率為 $n$ 的透明介質，蓋上後觀察到干涉的中央亮紋，是原本未蓋上透明介質時的第 4 亮紋位置，如圖所示。假設入射單色光波長為 $\lambda$，空氣折射率視為 $1$，且透明介質厚度遠小於屏幕到狹縫的距離，試問該透明介質的厚度為若干？
exam-1765182014528,114 彰化高中,1,114,彰化高中,114彰化高中-物理-試題.pdf,q-1765182014579-12,13,Electromagnetism,Medium,0,Verified,images/114_彰化高中_114彰化高中_物理_試題_q13_problem.webp,images/114_彰化高中_114彰化高中_物理_試題_q13_answer.webp,,,如圖，光滑絕緣的直立細桿與以點電荷 $+Q$ 為圓心的圓周交於 $B$、$C$ 兩點，一質量為 $m$、電量 $-q$ 的空心小球，從桿上 $A$ 點由靜止開始沿直立細桿落下，點電荷 $+Q$ 維持固定不動。設 $\overline{AB} = h$，$ \overline{BC} = 2h$，重力加速度量值為 $g$，方向向下。已知小球滑到 $B$ 點時速度為 $\sqrt{5gh}$，求點電荷 $+Q$ 在 $A$、$C$ 兩點造成的電位差 $V_A - V_C$ 為何？
exam-1765182014528,114 彰化高中,1,114,彰化高中,114彰化高中-物理-試題.pdf,q-1765182014579-13,14,Electromagnetism,Medium,0,Verified,images/114_彰化高中_114彰化高中_物理_試題_q14_problem.webp,images/114_彰化高中_114彰化高中_物理_試題_q14_answer.webp,,,一質量 $m = 1 \text{ g}$ 的小球，帶有電量 $q = 1.0 \times 10^{-2} \text{ C}$ 的正電荷，套在一根與水平方向成 $37^\circ$ 角的絕緣桿上，其中小球與桿子之間的動摩擦係數 $\mu = 0.2$，絕緣桿所在空間有水平均勻磁場及向下均勻重力場，磁場強度為 $B = 0.5 \text{ T}$，重力場強度為 $g = 10 \text{ m/s}^2$。假設絕緣桿長度夠長，若小球由靜止開始下滑，則過程中小球的最大速率為多少 $\text{m/s}$？
exam-1765182014528,114 彰化高中,1,114,彰化高中,114彰化高中-物理-試題.pdf,q-1765182014579-14,15,Modern Physics,Medium,0,Verified,images/114_彰化高中_114彰化高中_物理_試題_q15_problem.webp,images/114_彰化高中_114彰化高中_物理_試題_q15_answer.webp,,,在波耳的氫原子模型中，當量子數為 $n$ 時，電子繞核的圓軌道週期為 $T$， $h$ 為普朗克常數，則電子的總能量為何？
exam-1765182014528,114 彰化高中,1,114,彰化高中,114彰化高中-物理-試題.pdf,q-1765182014579-15,16,Electromagnetism,Medium,0,Verified,images/114_彰化高中_114彰化高中_物理_試題_q16_problem.webp,,,,以電壓 $V$ 對平行板電容 $C$ 充電，充電完成後平行板電容儲存能量為多少？此時平行板帶電量 $Q$，電壓為 $V$，則電位能是否為 $Q \times V$？(若否，則說明電位能為何不是電量 $\times$ 電壓)
exam-1765182014528,114 彰化高中,1,114,彰化高中,114彰化高中-物理-試題.pdf,q-1765182014579-16,17,Circuit,Medium,0,Verified,images/114_彰化高中_114彰化高中_物理_試題_q17_problem.webp,,,,家用電源 110 伏特與 220 伏特的配置簡圖如下，其中負載 1 包含 110 伏特 220 瓦電器 1 個、負載 2 為 110 伏特 110 瓦電器 1 個、負載 3 為 220 伏特 2200 瓦電器 1 個，所有電器均符合歐姆定律且皆在使用中。(1) 若中性線忽然斷線，則三個負載之功率分別是多少？(不考慮電器燒毀，答案請取整數)(2) 若火線 1 忽然斷線，則三個負載之功率分別是多少？(不考慮電器燒毀，答案請取整數)
exam-1765182014528,114 彰化高中,1,114,彰化高中,114彰化高中-物理-試題.pdf,q-1765182014579-17,18,Mechanics,Medium,0,Verified,images/114_彰化高中_114彰化高中_物理_試題_q18_problem.webp,,,,固定不動的圓柱體上繞有數圈質量不計的細線，線的一端緊繫著質量為 $M$ 的重物，另一端則繫著可放置砝碼的塑膠秤盤，如圖所示。已知細線與圓柱間互相接觸的部分所張開的角度為 $\theta$ 弧度，某生依序將砝碼放上秤盤，當(秤盤+砝碼)質量介於 $m_1 \sim m_2$ 之間時，恰可維持靜力平衡，若(秤盤+砝碼)質量小於 $m_1$，則重物往下移動；若(秤盤+砝碼)質量大於 $m_2$，則重物往上移動。試問該細線與圓柱體間的摩擦係數為何？(重力加速度量值為 $g$)
exam-1765182014528,114 彰化高中,1,114,彰化高中,114彰化高中-物理-試題.pdf,q-1765182014579-18,19,Mechanics,Medium,0,Verified,images/114_彰化高中_114彰化高中_物理_試題_q19_problem.webp,,,,質量不計、長度為L的輕桿，連接一質量為M、長度為2L的木棒，兩者成一直線。輕桿和木棒皆可視為剛體，將輕桿一端以樞紐懸掛於點O，並將其由擺角 $\theta_0$ 靜止釋放，如圖所示。不計任何阻力或摩擦力，重力加速度量值為g。請用質心概念對學生講解以下題目，每一小題都必須用到質心概念，只需列出詳細計算過程，不需算出答案：(1)擺到最低點時，木棒的質心速度 $V_{CM}$。(2)已知最低點時木棒質心速度為 $V_{CM}$，則此時木棒相對於懸點 O 的角動量。(3)已知最低點時木棒質心速度為 $V_{CM}$，則此時輕桿對木棒的作用力。
exam-1765182014528,114 彰化高中,1,114,彰化高中,114彰化高中-物理-試題.pdf,q-1765182014579-19,20,Mechanics,Medium,0,Verified,images/114_彰化高中_114彰化高中_物理_試題_q20_problem.webp,,,,"質量 $M$、斜角 $	heta = 37^ ho$ 的楔形木塊，靜止於光滑水平地面上，有質量為 $m$ 的物體自楔形木塊頂端由靜止開始沿斜面下滑，如圖所示。假設 $M = 7m$，且 $M$、$m$ 之間動摩擦係數為 $ ho$，重力加速度量值為 $g$。請推導出物體下滑期間，地面對楔形木塊的正向力與 $M$、$m$ 間之動摩擦係數 $ ho$ 的關係。"
